.00,147.00,247.00,364.00,545.00,690.00,802.00,992.00,1189.00,1323.00,
.00,147.00,247.00,364.00,545.00,690.00,802.00,992.00,1189.00,1323.00,
.01,147.01,247.01,364.01,545.01,690.01,802.01,992.01,1189.01,1323.01,
.03,147.03,247.03,364.03,545.03,690.03,802.03,992.03,1189.03,1323.03,
.06,147.06,247.06,364.06,545.06,690.06,802.06,992.06,1189.06,1323.06,
.10,147.10,247.10,364.10,545.10,690.10,802.10,992.10,1189.10,1323.10,
.15,147.15,247.15,364.15,545.15,690.15,802.15,992.15,1189.15,1323.15,
.21,147.21,247.21,364.21,545.21,690.21,802.21,992.21,1189.21,1323.21,
.28,147.28,247.28,364.28,545.28,690.28,802.28,992.28,1189.28,1323.28,
.36,147.36,247.36,364.36,545.36,690.36,802.36,992.36,1189.36,1323.36,
.45,147.45,247.45,364.45,545.45,690.45,802.45,992.45,1189.45,1323.45,
.55,147.55,247.55,364.55,545.55,690.55,802.55,992.55,1189.55,1323.55,
.66,147.66,247.66,364.66,545.66,690.66,802.66,992.66,1189.66,1323.66,
.78,147.78,247.78,364.78,545.78,690.78,802.78,992.78,1189.78,1323.78,
.91,147.91,247.91,364.91,545.91,690.91,802.91,992.91,1189.91,1323.91,
1.05,148.05,248.05,365.05,546.05,691.05,803.05,993.05,1190.05,1324.05,
1.20,148.20,248.20,365.20,546.20,691.20,803.20,993.20,1190.20,1324.20,
1.36,148.36,248.36,365.36,546.36,691.36,803.36,993.36,1190.36,1324.36,
1.53,148.53,248.53,365.53,546.53,691.53,803.53,993.53,1190.53,1324.53,
1.71,148.71,248.71,365.71,546.71,691.71,803.71,993.71,1190.71,1324.71,
1.90,148.90,248.90,365.90,546.90,691.90,803.90,993.90,1190.90,1324.90,
2.10,149.10,249.10,366.10,547.10,692.10,804.10,994.10,1191.10,1325.10,
2.31,149.31,249.31,366.31,547.31,692.31,804.31,994.31,1191.31,1325.31,
2.53,149.53,249.53,366.53,547.53,692.53,804.53,994.53,1191.53,1325.53,
2.76,149.76,249.76,366.76,547.76,692.76,804.76,994.76,1191.76,1325.76,
3.00,150.00,250.00,367.00,548.00,693.00,805.00,995.00,1192.00,1326.00,
3.25,150.25,250.25,367.25,548.25,693.25,805.25,995.25,1192.25,1326.25,
3.51,150.51,250.51,367.51,548.51,693.51,805.51,995.51,1192.51,1326.51,
3.78,150.78,250.78,367.78,548.78,693.78,805.78,995.78,1192.78,1326.78,
4.06,151.06,251.06,368.06,549.06,694.06,806.06,996.06,1193.06,1327.06,
4.35,151.35,251.35,368.35,549.35,694.35,806.35,996.35,1193.35,1327.35,
4.65,151.65,251.65,368.65,549.65,694.65,806.65,996.65,1193.65,1327.65,
4.96,151.96,251.96,368.96,549.96,694.96,806.96,996.96,1193.96,1327.96,
5.28,152.28,252.28,369.28,550.28,695.28,807.28,997.28,1194.28,1328.28,
5.61,152.61,252.61,369.61,550.61,695.61,807.61,997.61,1194.61,1328.61,
5.95,152.95,252.95,369.95,550.95,695.95,807.95,997.95,1194.95,1328.95,
6.30,153.30,253.30,370.30,551.30,696.30,808.30,998.30,1195.30,1329.30,
6.66,153.66,253.66,370.66,551.66,696.66,808.66,998.66,1195.66,1329.66,
7.03,154.03,254.03,371.03,552.03,697.03,809.03,999.03,1196.03,1330.03,
7.41,154.41,254.41,371.41,552.41,697.41,809.41,999.41,1196.41,1330.41,
7.80,154.80,254.80,371.80,552.80,697.80,809.80,999.80,1196.80,1330.80,
8.20,155.20,255.20,372.20,553.20,698.20,810.20,1000.20,1197.20,1331.20,
8.61,155.61,255.61,372.61,553.61,698.61,810.61,1000.61,1197.61,1331.61,
9.03,156.03,256.03,373.03,554.03,699.03,811.03,1001.03,1198.03,1332.03,
9.46,156.46,256.46,373.46,554.46,699.46,811.46,1001.46,1198.46,1332.46,
9.90,156.90,256.90,373.90,554.90,699.90,811.90,1001.90,1198.90,1332.90,
10.35,157.35,257.35,374.35,555.35,700.35,812.35,1002.35,1199.35,1333.35,
10.81,157.81,257.81,374.81,555.81,700.81,812.81,1002.81,1199.81,1333.81,
11.28,158.28,258.28,375.28,556.28,701.28,813.28,1003.28,1200.28,1334.28,
11.76,158.76,258.76,375.76,556.76,701.76,813.76,1003.76,1200.76,1334.76,
12.25,159.25,259.25,376.25,557.25,702.25,814.25,1004.25,1201.25,1335.25,
12.75,159.75,259.75,376.75,557.75,702.75,814.75,1004.75,1201.75,1335.75,
13.26,160.26,260.26,377.26,558.26,703.26,815.26,1005.26,1202.26,1336.26,
13.78,160.78,260.78,377.78,558.78,703.78,815.78,1005.78,1202.78,1336.78,
14.31,161.31,261.31,378.31,559.31,704.31,816.31,1006.31,1203.31,1337.31,
14.85,161.85,261.85,378.85,559.85,704.85,816.85,1006.85,1203.85,1337.85,
15.40,162.40,262.40,379.40,560.40,705.40,817.40,1007.40,1204.39,1338.40,
15.96,162.96,262.96,379.96,560.96,705.96,817.96,1007.96,1204.93,1338.96,
16.53,163.53,263.53,380.53,561.53,706.53,818.53,1008.53,1205.47,1339.53,
17.11,164.11,264.11,381.11,562.11,707.11,819.11,1009.11,1206.01,1340.11,
17.70,164.70,264.70,381.70,562.70,707.70,819.70,1009.70,1206.55,1340.70,
18.30,165.30,265.30,382.30,563.30,708.30,820.30,1010.30,1207.09,1341.30,
18.91,165.91,265.91,382.91,563.91,708.91,820.91,1010.91,1207.63,1341.91,
19.53,166.53,266.53,383.53,564.53,709.53,821.53,1011.53,1208.17,1342.53,
20.16,167.16,267.16,384.16,565.16,710.16,822.16,1012.16,1208.71,1343.16,
20.80,167.80,267.80,384.80,565.80,710.80,822.80,1012.80,1209.25,1343.80,
21.45,168.45,268.45,385.45,566.45,711.45,823.45,1013.45,1209.79,1344.45,
22.11,169.11,269.11,386.11,567.11,712.11,824.11,1014.11,1210.33,1345.11,
22.78,169.78,269.78,386.78,567.78,712.78,824.78,1014.78,1210.87,1345.78,
23.46,170.46,270.46,387.46,568.46,713.46,825.46,1015.46,1211.41,1346.46,
24.15,171.15,271.15,388.15,569.14,714.15,826.15,1016.15,1211.95,1347.15,
24.85,171.85,271.85,388.85,569.82,714.85,826.85,1016.85,1212.49,1347.85,
25.56,172.56,272.56,389.56,570.50,715.56,827.56,1017.56,1213.03,1348.56,
26.28,173.28,273.28,390.28,571.18,716.28,828.28,1018.28,1213.57,1349.28,
27.01,174.01,274.01,391.01,571.86,717.01,829.01,1019.01,1214.11,1350.01,
27.75,174.75,274.75,391.75,572.54,717.75,829.75,1019.75,1214.65,1350.75,
28.50,175.50,275.49,392.50,573.22,718.50,830.50,1020.50,1215.19,1351.50,
29.26,176.26,276.23,393.26,573.90,719.26,831.26,1021.26,1215.73,1352.26,
30.03,177.03,276.97,394.03,574.58,720.03,832.03,1022.03,1216.27,1353.03,
30.80,177.81,277.71,394.81,575.26,720.81,832.81,1022.81,1216.81,1353.81,
31.57,178.60,278.45,395.60,575.94,721.60,833.60,1023.60,1217.35,1354.60,
32.34,179.40,279.19,396.40,576.62,722.40,834.40,1024.40,1217.89,1355.40,
33.11,180.21,279.93,397.21,577.30,723.21,835.21,1025.21,1218.43,1356.21,
33.88,181.03,280.67,398.03,577.98,724.03,836.02,1026.03,1218.97,1357.03,
34.65,181.86,281.41,398.86,578.66,724.86,836.83,1026.86,1219.51,1357.86,
35.42,182.70,282.15,399.70,579.34,725.70,837.64,1027.70,1220.05,1358.70,
36.19,183.55,282.89,400.55,580.02,726.55,838.45,1028.55,1220.59,1359.55,
36.96,184.41,283.63,401.41,580.70,727.41,839.26,1029.41,1221.13,1360.41,
37.73,185.28,284.37,402.28,581.38,728.28,840.07,1030.28,1221.67,1361.28,
38.50,186.16,285.11,403.16,582.06,729.16,840.88,1031.16,1222.21,1362.16,
39.27,187.05,285.85,404.05,582.74,730.04,841.69,1032.05,1222.75,1363.05,
40.04,187.95,286.59,404.95,583.42,730.92,842.50,1032.95,1223.29,1363.95,
40.81,188.86,287.33,405.86,584.10,731.80,843.31,1033.86,1223.83,1364.86,
41.58,189.78,288.07,406.78,584.78,732.68,844.12,1034.77,1224.37,1365.78,
42.35,190.71,288.81,407.71,585.46,733.56,844.93,1035.68,1224.91,1366.71,
43.12,191.65,289.55,408.65,586.14,734.44,845.74,1036.59,1225.45,1367.65,
43.89,192.60,290.29,409.60,586.82,735.32,846.55,1037.50,1225.99,1368.60,
44.66,193.55,291.03,410.56,587.50,736.20,847.36,1038.41,1226.53,1369.56,
45.43,194.50,291.77,411.53,588.18,737.08,848.17,1039.32,1227.07,1370.53,
46.20,195.45,292.51,412.50,588.86,737.96,848.98,1040.23,1227.61,1371.50,
46.97,196.40,293.25,413.47,589.54,738.84,849.79,1041.14,1228.15,1372.47,
47.74,197.35,293.99,414.44,590.22,739.72,850.60,1042.05,1228.69,1373.44,
48.51,198.30,294.73,415.41,590.90,740.60,851.41,1042.96,1229.23,1374.41,
49.28,199.25,295.47,416.38,591.58,741.48,852.22,1043.87,1229.77,1375.38,
50.05,200.20,296.21,417.35,592.26,742.36,853.03,1044.78,1230.31,1376.35,
50.82,201.15,296.95,418.32,592.94,743.24,853.84,1045.69,1230.85,1377.32,
51.59,202.10,297.69,419.29,593.62,744.12,854.65,1046.60,1231.39,1378.29,
52.36,203.05,298.43,420.26,594.30,745.00,855.46,1047.51,1231.93,1379.26,
53.13,204.00,299.17,421.23,594.98,745.88,856.27,1048.42,1232.47,1380.23,
53.90,204.95,299.91,422.20,595.66,746.76,857.08,1049.33,1233.01,1381.20,
54.67,205.90,300.65,423.17,596.34,747.64,857.89,1050.24,1233.55,1382.17,
55.44,206.85,301.39,424.14,597.02,748.52,858.70,1051.15,1234.09,1383.14,
56.21,207.80,302.13,425.11,597.70,749.40,859.51,1052.06,1234.63,1384.11,
56.98,208.75,302.87,426.08,598.38,750.28,860.32,1052.97,1235.17,1385.08,
57.75,209.70,303.61,427.05,599.06,751.16,861.13,1053.88,1235.71,1386.05,
58.52,210.65,304.35,428.02,599.74,752.04,861.94,1054.79,1236.25,1387.02,
59.29,211.60,305.09,428.99,600.42,752.92,862.75,1055.70,1236.79,1387.99,
60.06,212.55,305.83,429.96,601.10,753.80,863.56,1056.61,1237.33,1388.96,
60.83,213.50,306.57,430.93,601.78,754.68,864.37,1057.52,1237.87,1389.93,
61.60,214.45,307.31,431.90,602.46,755.56,865.18,1058.43,1238.41,1390.90,
62.37,215.40,308.05,432.87,603.14,756.44,865.99,1059.34,1238.95,1391.87,
63.14,216.35,308.79,433.84,603.82,757.32,866.80,1060.25,1239.49,1392.84,
63.91,217.30,309.53,434.81,604.50,758.20,867.61,1061.16,1240.03,1393.81,
64.68,218.25,310.27,435.78,605.18,759.08,868.42,1062.07,1240.57,1394.78,
65.45,219.20,311.01,436.75,605.86,759.96,869.23,1062.98,1241.11,1395.75,
66.22,220.15,311.75,437.72,606.54,760.84,870.04,1063.89,1241.65,1396.72,
66.99,221.10,312.49,438.69,607.22,761.72,870.85,1064.80,1242.19,1397.69,
67.76,222.05,313.23,439.66,607.90,762.60,871.66,1065.71,1242.73,1398.66,
68.53,223.00,313.97,440.63,608.58,763.48,872.47,1066.62,1243.27,1399.63,
69.30,223.95,314.71,441.60,609.26,764.36,873.28,1067.53,1243.81,1400.60,
70.07,224.90,315.45,442.57,609.94,765.24,874.09,1068.44,1244.35,1401.57,
70.84,225.85,316.19,443.54,610.62,766.12,874.90,1069.35,1244.89,1402.54,
71.61,226.80,316.93,444.51,611.30,767.00,875.71,1070.26,1245.43,1403.51,
72.38,227.75,317.67,445.48,611.98,767.88,876.52,1071.17,1245.97,1404.48,
73.15,228.70,318.41,446.45,612.66,768.76,877.33,1072.08,1246.51,1405.45,
73.92,229.65,319.15,447.42,613.34,769.64,878.14,1072.99,1247.05,1406.42,
74.69,230.60,319.89,448.39,614.02,770.52,878.95,1073.90,1247.59,1407.39,
75.46,231.55,320.63,449.36,614.70,771.40,879.76,1074.81,1248.13,1408.36,
76.23,232.50,321.37,450.33,615.38,772.28,880.57,1075.72,1248.67,1409.33,
77.00,233.45,322.11,451.30,616.06,773.16,881.38,1076.63,1249.21,1410.30,
77.77,234.40,322.85,452.27,616.74,774.04,882.19,1077.54,1249.75,1411.27,
78.54,235.35,323.59,453.24,617.42,774.92,883.00,1078.45,1250.29,1412.24,
79.31,236.30,324.33,454.21,618.10,775.80,883.81,1079.36,1250.83,1413.21,
80.08,237.25,325.07,455.18,618.78,776.68,884.62,1080.27,1251.37,1414.18,
80.85,238.20,325.81,456.15,619.46,777.56,885.43,1081.18,1251.91,1415.15,
81.62,239.15,326.55,457.12,620.14,778.44,886.24,1082.09,1252.45,1416.12,
82.39,240.10,327.29,458.09,620.82,779.32,887.05,1083.00,1252.99,1417.09,
83.16,241.05,328.03,459.06,621.50,780.20,887.86,1083.91,1253.53,1418.06,
83.93,242.00,328.77,460.03,622.18,781.08,888.67,1084.82,1254.07,1419.03,
84.70,242.95,329.51,461.00,622.86,781.96,889.48,1085.73,1254.61,1420.00,
85.47,243.90,330.25,461.97,623.54,782.84,890.29,1086.64,1255.15,1420.97,
86.24,244.85,330.99,462.94,624.22,783.72,891.10,1087.55,1255.69,1421.94,
87.01,245.80,331.73,463.91,624.90,784.60,891.91,1088.46,1256.23,1422.91,
87.78,246.75,332.47,464.88,625.58,785.48,892.72,1089.37,1256.77,1423.88,
88.55,247.70,333.21,465.85,626.26,786.36,893.53,1090.28,1257.31,1424.85,
89.32,248.65,333.95,466.82,626.94,787.24,894.34,1091.19,1257.85,1425.82,
90.09,249.60,334.69,467.79,627.62,788.12,895.15,1092.10,1258.39,1426.79,
90.86,250.55,335.43,468.76,628.30,789.00,895.96,1093.01,1258.93,1427.76,
91.63,251.50,336.17,469.73,628.98,789.88,896.77,1093.92,1259.47,1428.73,
92.40,252.45,336.91,470.70,629.66,790.76,897.58,1094.83,1260.01,1429.70,
93.17,253.40,337.65,471.67,630.34,791.64,898.39,1095.74,1260.55,1430.67,
93.94,254.35,338.39,472.64,631.02,792.52,899.20,1096.65,1261.09,1431.64,
94.71,255.30,339.13,473.61,631.70,793.40,900.01,1097.56,1261.63,1432.61,
95.48,256.25,339.87,474.58,632.38,794.28,900.82,1098.47,1262.17,1433.58,
96.25,257.20,340.61,475.55,633.06,795.16,901.63,1099.38,1262.71,1434.55,
97.02,258.15,341.35,476.52,633.74,796.04,902.44,1100.29,1263.25,1435.52,
97.79,259.10,342.09,477.49,634.42,796.92,903.25,1101.20,1263.79,1436.49,
98.56,260.05,342.83,478.46,635.10,797.80,904.06,1102.11,1264.33,1437.46,
99.33,261.00,343.57,479.43,635.78,798.68,904.87,1103.02,1264.87,1438.43,
100.10,261.95,344.31,480.40,636.46,799.56,905.68,1103.93,1265.41,1439.40,
100.87,262.90,345.05,481.37,637.14,800.44,906.49,1104.84,1265.95,1440.37,
101.64,263.85,345.79,482.34,637.82,801.32,907.30,1105.75,1266.49,1441.34,
102.41,264.80,346.53,483.31,638.50,802.20,908.11,1106.66,1267.03,1442.31,
103.18,265.75,347.27,484.28,639.18,803.08,908.92,1107.57,1267.57,1443.28,
103.95,266.70,348.01,485.25,639.86,803.96,909.73,1108.48,1268.11,1444.25,
104.72,267.65,348.75,486.22,640.54,804.84,910.54,1109.39,1268.65,1445.22,
105.49,268.60,349.49,487.19,641.22,805.72,911.35,1110.30,1269.19,1446.19,
106.26,269.55,350.23,488.16,641.90,806.60,912.16,1111.21,1269.73,1447.16,
107.03,270.50,350.97,489.13,642.58,807.48,912.97,1112.12,1270.27,1448.13,
107.80,271.45,351.71,490.10,643.26,808.36,913.78,1113.03,1270.81,1449.10,
108.57,272.40,352.45,491.07,643.94,809.24,914.59,1113.94,1271.35,1450.07,
109.34,273.35,353.19,492.04,644.62,810.12,915.40,1114.85,1271.89,1451.04,
110.11,274.30,353.93,493.01,645.30,811.00,916.21,1115.76,1272.43,1452.01,
110.88,275.25,354.67,493.98,645.98,811.88,917.02,1116.67,1272.97,1452.98,
111.65,276.20,355.41,494.95,646.66,812.76,917.83,1117.58,1273.51,1453.95,
112.42,277.15,356.15,495.92,647.34,813.64,918.64,1118.49,1274.05,1454.92,
113.19,278.10,356.89,496.89,648.02,814.52,919.45,1119.40,1274.59,1455.89,
113.96,279.05,357.63,497.86,648.70,815.40,920.26,1120.31,1275.13,1456.86,
114.73,280.00,358.37,498.83,649.38,816.28,921.07,1121.22,1275.67,1457.83,
115.50,280.95,359.11,499.80,650.06,817.16,921.88,1122.13,1276.21,1458.80,
116.27,281.90,359.85,500.77,650.74,818.04,922.69,1123.04,1276.75,1459.77,
117.04,282.85,360.59,501.74,651.42,818.92,923.50,1123.95,1277.29,1460.74,
117.81,283.80,361.33,502.71,652.10,819.80,924.31,1124.86,1277.83,1461.71,
118.58,284.75,362.07,503.68,652.78,820.68,925.12,1125.77,1278.37,1462.68,
119.35,285.70,362.81,504.65,653.46,821.56,925.93,1126.68,1278.91,1463.65,
120.12,286.65,363.55,505.62,654.14,822.44,926.74,1127.59,1279.45,1464.62,
120.89,287.60,364.29,506.59,654.82,823.32,927.55,1128.50,1279.99,1465.59,
121.66,288.55,365.03,507.56,655.50,824.20,928.36,1129.41,1280.53,1466.56,
122.43,289.50,365.77,508.53,656.18,825.08,929.17,1130.32,1281.07,1467.53,
123.20,290.45,366.51,509.50,656.86,825.96,929.98,1131.23,1281.61,1468.50,
123.97,291.40,367.25,510.47,657.54,826.84,930.79,1132.14,1282.15,1469.47,
124.74,292.35,367.99,511.44,658.22,827.72,931.60,1133.05,1282.69,1470.44,
125.51,293.30,368.73,512.41,658.90,828.60,932.41,1133.96,1283.23,1471.41,
126.28,294.25,369.47,513.38,659.58,829.48,933.22,1134.87,1283.77,1472.38,
127.05,295.20,370.21,514.35,660.26,830.36,934.03,1135.78,1284.31,1473.35,
127.82,296.15,370.95,515.32,660.94,831.24,934.84,1136.69,1284.85,1474.32,
128.59,297.10,371.69,516.29,661.62,832.12,935.65,1137.60,1285.39,1475.29,
129.36,298.05,372.43,517.26,662.30,833.00,936.46,1138.51,1285.93,1476.26,
130.13,299.00,373.17,518.23,662.98,833.88,937.27,1139.42,1286.47,1477.23,
130.90,299.95,373.91,519.20,663.66,834.76,938.08,1140.33,1287.01,1478.20,
131.67,300.90,374.65,520.17,664.34,835.64,938.89,1141.24,1287.55,1479.17,
132.44,301.85,375.39,521.14,665.02,836.52,939.70,1142.15,1288.09,1480.14,
133.21,302.80,376.13,522.11,665.70,837.40,940.51,1143.06,1288.63,1481.11,
133.98,303.75,376.87,523.08,666.38,838.28,941.32,1143.97,1289.17,1482.08,
134.75,304.70,377.61,524.05,667.06,839.16,942.13,1144.88,1289.71,1483.05,
135.52,305.65,378.35,525.02,667.74,840.04,942.94,1145.79,1290.25,1484.02,
136.29,306.60,379.09,525.99,668.42,840.92,943.75,1146.70,1290.79,1484.99,
137.06,307.55,379.83,526.96,669.10,841.80,944.56,1147.61,1291.33,1485.96,
137.83,308.50,380.57,527.93,669.78,842.68,945.37,1148.52,1291.87,1486.93,
138.60,309.45,381.31,528.90,670.46,843.56,946.18,1149.43,1292.41,1487.90,
139.37,310.40,382.05,529.87,671.14,844.44,946.99,1150.34,1292.95,1488.87,
140.14,311.35,382.79,530.84,671.82,845.32,947.80,1151.25,1293.49,1489.84,
140.91,312.30,383.53,531.81,672.50,846.20,948.61,1152.16,1294.03,1490.81,
141.68,313.25,384.27,532.78,673.18,847.08,949.42,1153.07,1294.57,1491.78,
142.45,314.20,385.01,533.75,673.86,847.96,950.23,1153.98,1295.11,1492.75,
143.22,315.15,385.75,534.72,674.54,848.84,951.04,1154.89,1295.65,1493.72,
143.99,316.10,386.49,535.69,675.22,849.72,951.85,1155.80,1296.19,1494.69,
144.76,317.05,387.23,536.66,675.90,850.60,952.66,1156.71,1296.73,1495.66,
145.53,318.00,387.97,537.63,676.58,851.48,953.47,1157.62,1297.27,1496.63,
146.30,318.95,388.71,538.60,677.26,852.36,954.28,1158.53,1297.81,1497.60,
147.07,319.90,389.45,539.57,677.94,853.24,955.09,1159.44,1298.35,1498.57,
147.84,320.85,390.19,540.54,678.62,854.12,955.90,1160.35,1298.89,1499.54,
148.61,321.80,390.93,541.51,679.30,855.00,956.71,1161.26,1299.43,1500.51,
149.38,322.75,391.67,542.48,679.98,855.88,957.52,1162.17,1299.97,1501.48,
150.15,323.70,392.41,543.45,680.66,856.76,958.33,1163.08,1300.51,1502.45,
150.92,324.65,393.15,544.42,681.34,857.64,959.14,1163.99,1301.05,1503.42,
151.69,325.60,393.89,545.39,682.02,858.52,959.95,1164.90,1301.59,1504.39,
152.46,326.55,394.63,546.36,682.70,859.40,960.76,1165.81,1302.13,1505.36,
153.23,327.50,395.37,547.33,683.38,860.28,961.57,1166.72,1302.67,1506.33,
154.00,328.45,396.11,548.30,684.06,861.16,962.38,1167.63,1303.21,1507.30,
154.77,329.40,396.85,549.27,684.74,862.04,963.19,1168.54,1303.75,1508.27,
155.54,330.35,397.59,550.24,685.42,862.92,964.00,1169.45,1304.29,1509.24,
156.31,331.30,398.33,551.21,686.10,863.80,964.81,1170.36,1304.83,1510.21,
157.08,332.25,399.07,552.18,686.78,864.68,965.62,1171.27,1305.37,1511.18,
157.85,333.20,399.81,553.15,687.46,865.56,966.43,1172.18,1305.91,1512.15,
158.62,334.15,400.55,554.12,688.14,866.44,967.24,1173.09,1306.45,1513.12,
159.39,335.10,401.29,555.09,688.82,867.32,968.05,1174.00,1306.99,1514.09,
160.16,336.05,402.03,556.06,689.50,868.20,968.86,1174.91,1307.53,1515.06,
160.93,337.00,402.77,557.03,690.18,869.08,969.67,1175.82,1308.07,1516.03,
161.70,337.95,403.51,558.00,690.86,869.96,970.48,1176.73,1308.61,1517.00,
162.47,338.90,404.25,558.97,691.54,870.84,971.29,1177.64,1309.15,1517.97,
163.24,339.85,404.99,559.94,692.22,871.72,972.10,1178.55,1309.69,1518.94,
164.01,340.80,405.73,560.91,692.90,872.60,972.91,1179.46,1310.23,1519.91,
164.78,341.75,406.47,561.88,693.58,873.48,973.72,1180.37,1310.77,1520.88,
165.55,342.70,407.21,562.85,694.26,874.36,974.53,1181.28,1311.31,1521.85,
166.32,343.65,407.95,563.82,694.94,875.24,975.34,1182.19,1311.85,1522.82,
167.09,344.60,408.69,564.79,695.62,876.12,976.15,1183.10,1312.39,1523.79,
167.86,345.55,409.43,565.76,696.30,877.00,976.96,1184.01,1312.93,1524.76,
168.63,346.50,410.17,566.73,696.98,877.88,977.77,1184.92,1313.47,1525.73,
169.40,347.45,410.91,567.70,697.66,878.76,978.58,1185.83,1314.01,1526.70,
170.17,348.40,411.65,568.67,698.34,879.64,979.39,1186.74,1314.55,1527.67,
170.94,349.35,412.39,569.64,699.02,880.52,980.20,1187.65,1315.09,1528.64,
171.71,350.30,413.13,570.61,699.70,881.40,981.01,1188.56,1315.63,1529.61,
172.48,351.25,413.87,571.58,700.38,882.28,981.82,1189.47,1316.17,1530.58,
173.25,352.20,414.61,572.55,701.06,883.16,982.63,1190.38,1316.71,1531.55,
174.02,353.15,415.35,573.52,701.74,884.04,983.44,1191.29,1317.25,1532.52,
174.79,354.10,416.09,574.49,702.42,884.92,984.25,1192.20,1317.79,1533.49,
175.56,355.05,416.83,575.46,703.10,885.80,985.06,1193.11,1318.33,1534.46,
176.33,356.00,417.57,576.43,703.78,886.68,985.87,1194.02,1318.87,1535.43,
177.10,356.95,418.31,577.40,704.46,887.56,986.68,1194.93,1319.41,1536.40,
177.87,357.90,419.05,578.37,705.14,888.44,987.49,1195.84,1319.95,1537.37,
178.64,358.85,419.79,579.34,705.82,889.32,988.30,1196.75,1320.49,1538.34,
179.41,359.80,420.53,580.31,706.50,890.20,989.11,1197.66,1321.03,1539.31,
180.18,360.75,421.27,581.28,707.18,891.08,989.92,1198.57,1321.57,1540.28,
180.95,361.70,422.01,582.25,707.86,891.96,990.73,1199.48,1322.11,1541.25,
181.72,362.65,422.75,583.22,708.54,892.84,991.54,1200.39,1322.65,1542.22,
182.49,363.60,423.49,584.19,709.22,893.72,992.35,1201.30,1323.19,1543.19,
183.26,364.55,424.23,585.16,709.90,894.60,993.16,1202.21,1323.73,1544.16,
184.03,365.50,424.97,586.13,710.58,895.48,993.97,1203.12,1324.27,1545.13,
184.80,366.45,425.71,587.10,711.26,896.36,994.78,1204.03,1324.81,1546.10,
185.57,367.40,426.45,588.07,711.94,897.24,995.59,1204.94,1325.35,1547.07,
186.34,368.35,427.19,589.04,712.62,898.12,996.40,1205.85,1325.89,1548.04,
187.11,369.30,427.93,590.01,713.30,899.00,997.21,1206.76,1326.43,1549.01,
187.88,370.25,428.67,590.98,713.98,899.88,998.02,1207.67,1326.97,1549.98,
188.65,371.20,429.41,591.95,714.66,900.76,998.83,1208.58,1327.51,1550.95,
189.42,372.15,430.15,592.92,715.34,901.64,999.64,1209.49,1328.05,1551.92,
190.19,373.10,430.89,593.89,716.02,902.52,1000.45,1210.40,1328.59,1552.89,
190.96,374.05,431.63,594.86,716.70,903.40,1001.26,1211.31,1329.13,1553.86,
191.73,375.00,432.37,595.83,717.38,904.28,1002.07,1212.22,1329.67,1554.83,
192.50,375.95,433.11,596.80,718.06,905.16,1002.88,1213.13,1330.21,1555.80,
193.27,376.90,433.85,597.77,718.74,906.04,1003.69,1214.04,1330.75,1556.77,
194.04,377.85,434.59,598.74,719.42,906.92,1004.50,1214.95,1331.29,1557.74,
194.81,378.80,435.33,599.71,720.10,907.80,1005.31,1215.86,1331.83,1558.71,
195.58,379.75,436.07,600.68,720.78,908.68,1006.12,1216.77,1332.37,1559.68,
196.35,380.70,436.81,601.65,721.46,909.56,1006.93,1217.68,1332.91,1560.65,
197.12,381.65,437.55,602.62,722.14,910.44,1007.74,1218.59,1333.45,1561.62,
197.89,382.60,438.29,603.59,722.82,911.32,1008.55,1219.50,1333.99,1562.59,
198.66,383.55,439.03,604.56,723.50,912.20,1009.36,1220.41,1334.53,1563.56,
199.43,384.50,439.77,605.53,724.18,913.08,1010.17,1221.32,1335.07,1564.53,
200.20,385.45,440.51,606.50,724.86,913.96,1010.98,1222.23,1335.61,1565.50,
200.97,386.40,441.25,607.47,725.54,914.84,1011.79,1223.14,1336.15,1566.47,
201.74,387.35,441.99,608.44,726.22,915.72,1012.60,1224.05,1336.69,1567.44,
202.51,388.30,442.73,609.41,726.90,916.60,1013.41,1224.96,1337.23,1568.41,
203.28,389.25,443.47,610.38,727.58,917.48,1014.22,1225.87,1337.77,1569.38,
204.05,390.20,444.21,611.35,728.26,918.36,1015.03,1226.78,1338.31,1570.35,
204.82,391.15,444.95,612.32,728.94,919.24,1015.84,1227.69,1338.85,1571.32,
205.59,392.10,445.69,613.29,729.62,920.12,1016.65,1228.60,1339.39,1572.29,
206.36,393.05,446.43,614.26,730.30,921.00,1017.46,1229.51,1339.93,1573.26,
207.13,394.00,447.17,615.23,730.98,921.88,1018.27,1230.42,1340.47,1574.23,
207.90,394.95,447.91,616.20,731.66,922.76,1019.08,1231.33,1341.01,1575.20,
208.67,395.90,448.65,617.17,732.34,923.64,1019.89,1232.24,1341.55,1576.17,
209.44,396.85,449.39,618.14,733.02,924.52,1020.70,1233.15,1342.09,1577.14,
210.21,397.80,450.13,619.11,733.70,925.40,1021.51,1234.06,1342.63,1578.11,
210.98,398.75,450.87,620.08,734.38,926.28,1022.32,1234.97,1343.17,1579.08,
211.75,399.70,451.61,621.05,735.06,927.16,1023.13,1235.88,1343.71,1580.05,
212.52,400.65,452.35,622.02,735.74,928.04,1023.94,1236.79,1344.25,1581.02,
213.29,401.60,453.09,622.99,736.42,928.92,1024.75,1237.70,1344.79,1581.99,
214.06,402.55,453.83,623.96,737.10,929.80,1025.56,1238.61,1345.33,1582.96,
214.83,403.50,454.57,624.93,737.78,930.68,1026.37,1239.52,1345.87,1583.93,
215.60,404.45,455.31,625.90,738.46,931.56,1027.18,1240.43,1346.41,1584.90,
216.37,405.40,456.05,626.87,739.14,932.44,1027.99,1241.34,1346.95,1585.87,
217.14,406.35,456.79,627.84,739.82,933.32,1028.80,1242.25,1347.49,1586.84,
217.91,407.30,457.53,628.81,740.50,934.20,1029.61,1243.16,1348.03,1587.81,
218.68,408.25,458.27,629.78,741.18,935.08,1030.42,1244.07,1348.57,1588.78,
219.45,409.20,459.01,630.75,741.86,935.96,1031.23,1244.98,1349.11,1589.75,
220.22,410.15,459.75,631.72,742.54,936.84,1032.04,1245.89,1349.65,1590.72,
220.99,411.10,460.49,632.69,743.22,937.72,1032.85,1246.80,1350.19,1591.69,
221.76,412.05,461.23,633.66,743.90,938.60,1033.66,1247.71,1350.73,1592.66,
222.53,413.00,461.97,634.63,744.58,939.48,1034.47,1248.62,1351.27,1593.63,
223.30,413.95,462.71,635.60,745.26,940.36,1035.28,1249.53,1351.81,1594.60,
224.07,414.90,463.45,636.57,745.94,941.24,1036.09,1250.44,1352.35,1595.57,
224.84,415.85,464.19,637.54,746.62,942.12,1036.90,1251.35,1352.89,1596.54,
225.61,416.80,464.93,638.51,747.30,943.00,1037.71,1252.26,1353.43,1597.51,
226.38,417.75,465.67,639.48,747.98,943.88,1038.52,1253.17,1353.97,1598.48,
227.15,418.70,466.41,640.45,748.66,944.76,1039.33,1254.08,1354.51,1599.45,
227.92,419.65,467.15,641.42,749.34,945.64,1040.14,1254.99,1355.05,1600.42,
228.69,420.60,467.89,642.39,750.02,946.52,1040.95,1255.90,1355.59,1601.39,
229.46,421.55,468.63,643.36,750.70,947.40,1041.76,1256.81,1356.13,1602.36,
230.23,422.50,469.37,644.33,751.38,948.28,1042.57,1257.72,1356.67,1603.33,
231.00,423.45,470.11,645.30,752.06,949.16,1043.38,1258.63,1357.21,1604.30,
231.77,424.40,470.85,646.27,752.74,950.04,1044.19,1259.54,1357.75,1605.27,
232.54,425.35,471.59,647.24,753.42,950.92,1045.00,1260.45,1358.29,1606.24,
233.31,426.30,472.33,648.21,754.10,951.80,1045.81,1261.36,1358.83,1607.21,
234.08,427.25,473.07,649.18,754.78,952.68,1046.62,1262.27,1359.37,1608.18,
234.85,428.20,473.81,650.15,755.46,953.56,1047.43,1263.18,1359.91,1609.15,
235.62,429.15,474.55,651.12,756.14,954.44,1048.24,1264.09,1360.45,1610.12,
236.39,430.10,475.29,652.09,756.82,955.32,1049.05,1265.00,1360.99,1611.09,
237.16,431.05,476.03,653.06,757.50,956.20,1049.86,1265.91,1361.53,1612.06,
237.93,432.00,476.77,654.03,758.18,957.08,1050.67,1266.82,1362.07,1613.03,
238.70,432.95,477.51,655.00,758.86,957.96,1051.48,1267.73,1362.61,1614.00,
239.47,433.90,478.25,655.97,759.54,958.84,1052.29,1268.64,1363.15,1614.97,
240.24,434.85,478.99,656.94,760.22,959.72,1053.10,1269.55,1363.69,1615.94,
241.01,435.80,479.73,657.91,760.90,960.60,1053.91,1270.46,1364.23,1616.91,
241.78,436.75,480.47,658.88,761.58,961.48,1054.72,1271.37,1364.77,1617.88,
242.55,437.70,481.21,659.85,762.26,962.36,1055.53,1272.28,1365.31,1618.85,
243.32,438.65,481.95,660.82,762.94,963.24,1056.34,1273.19,1365.85,1619.82,
244.09,439.60,482.69,661.79,763.62,964.12,1057.15,1274.10,1366.39,1620.79,
244.86,440.55,483.43,662.76,764.30,965.00,1057.96,1275.01,1366.93,1621.76,
245.63,441.50,484.17,663.73,764.98,965.88,1058.77,1275.92,1367.47,1622.73,
246.40,442.45,484.91,664.70,765.66,966.76,1059.58,1276.83,1368.01,1623.70,
247.17,443.40,485.65,665.67,766.34,967.64,1060.39,1277.74,1368.55,1624.67,
247.94,444.35,486.39,666.64,767.02,968.52,1061.20,1278.65,1369.09,1625.64,
248.71,445.30,487.13,667.61,767.70,969.40,1062.01,1279.56,1369.63,1626.61,
249.48,446.25,487.87,668.58,768.38,970.28,1062.82,1280.47,1370.17,1627.58,
250.25,447.20,488.61,669.55,769.06,971.16,1063.63,1281.38,1370.71,1628.55,
251.02,448.15,489.35,670.52,769.74,972.04,1064.44,1282.29,1371.25,1629.52,
251.79,449.10,490.09,671.49,770.42,972.92,1065.25,1283.20,1371.79,1630.49,
252.56,450.05,490.83,672.46,771.10,973.80,1066.06,1284.11,1372.33,1631.46,
253.33,451.00,491.57,673.43,771.78,974.68,1066.87,1285.02,1372.87,1632.43,
254.10,451.95,492.31,674.40,772.46,975.56,1067.68,1285.93,1373.41,1633.40,
254.87,452.90,493.05,675.37,773.14,976.44,1068.49,1286.84,1373.95,1634.37,
255.64,453.85,493.79,676.34,773.82,977.32,1069.30,1287.75,1374.49,1635.34,
256.41,454.80,494.53,677.31,774.50,978.20,1070.11,1288.66,1375.03,1636.31,
257.18,455.75,495.27,678.28,775.18,979.08,1070.92,1289.57,1375.57,1637.28,
257.95,456.70,496.01,679.25,775.86,979.96,1071.73,1290.48,1376.11,1638.25,
258.72,457.65,496.75,680.22,776.54,980.84,1072.54,1291.39,1376.65,1639.22,
259.49,458.60,497.49,681.19,777.22,981.72,1073.35,1292.30,1377.19,1640.19,
260.26,459.55,498.23,682.16,777.90,982.60,1074.16,1293.21,1377.73,1641.16,
261.03,460.50,498.97,683.13,778.58,983.48,1074.97,1294.12,1378.27,1642.13,
261.80,461.45,499.71,684.10,779.26,984.36,1075.78,1295.03,1378.81,1643.10,
262.57,462.40,500.45,685.07,779.94,985.24,1076.59,1295.94,1379.35,1644.07,
263.34,463.35,501.19,686.04,780.62,986.12,1077.40,1296.85,1379.89,1645.04,
264.11,464.30,501.93,687.01,781.30,987.00,1078.21,1297.76,1380.43,1646.01,
264.88,465.25,502.67,687.98,781.98,987.88,1079.02,1298.67,1380.97,1646.98,
265.65,466.20,503.41,688.95,782.66,988.76,1079.83,1299.58,1381.51,1647.95,
266.42,467.15,504.15,689.92,783.34,989.64,1080.64,1300.49,1382.05,1648.92,
267.19,468.10,504.89,690.89,784.02,990.52,1081.45,1301.40,1382.59,1649.89,
267.96,469.05,505.63,691.86,784.70,991.40,1082.26,1302.31,1383.13,1650.86,
268.73,470.00,506.37,692.83,785.38,992.28,1083.07,1303.22,1383.67,1651.83,
269.50,470.95,507.11,693.80,786.06,993.16,1083.88,1304.13,1384.21,1652.80,
270.27,471.90,507.85,694.77,786.74,994.04,1084.69,1305.04,1384.75,1653.77,
271.04,472.85,508.59,695.74,787.42,994.92,1085.50,1305.95,1385.29,1654.74,
271.81,473.80,509.33,696.71,788.10,995.80,1086.31,1306.86,1385.83,1655.71,
272.58,474.75,510.07,697.68,788.78,996.68,1087.12,1307.77,1386.37,1656.68,
273.35,475.70,510.81,698.65,789.46,997.56,1087.93,1308.68,1386.91,1657.65,
274.12,476.65,511.55,699.62,790.14,998.44,1088.74,1309.59,1387.45,1658.62,
274.89,477.60,512.29,700.59,790.82,999.32,1089.55,1310.50,1387.99,1659.59,
275.66,478.55,513.03,701.56,791.50,1000.20,1090.36,1311.41,1388.53,1660.56,
276.43,479.50,513.77,702.53,792.18,1001.08,1091.17,1312.32,1389.07,1661.53,
277.20,480.45,514.51,703.50,792.86,1001.96,1091.98,1313.23,1389.61,1662.50,
277.97,481.40,515.25,704.47,793.54,1002.84,1092.79,1314.14,1390.15,1663.47,
278.74,482.35,515.99,705.44,794.22,1003.72,1093.60,1315.05,1390.69,1664.44,
279.51,483.30,516.73,706.41,794.90,1004.60,1094.41,1315.96,1391.23,1665.41,
280.28,484.25,517.47,707.38,795.58,1005.48,1095.22,1316.87,1391.77,1666.38,
281.05,485.20,518.21,708.35,796.26,1006.36,1096.03,1317.78,1392.31,1667.35,
281.82,486.15,518.95,709.32,796.94,1007.24,1096.84,1318.69,1392.85,1668.32,
282.59,487.10,519.69,710.29,797.62,1008.12,1097.65,1319.60,1393.39,1669.29,
283.36,488.05,520.43,711.26,798.30,1009.00,1098.46,1320.51,1393.93,1670.26,
284.13,489.00,521.17,712.23,798.98,1009.88,1099.27,1321.42,1394.47,1671.23,
284.90,489.95,521.91,713.20,799.66,1010.76,1100.08,1322.33,1395.01,1672.20,
285.67,490.90,522.65,714.17,800.34,1011.64,1100.89,1323.24,1395.55,1673.17,
286.44,491.85,523.39,715.14,801.02,1012.52,1101.70,1324.15,1396.09,1674.14,
287.21,492.80,524.13,716.11,801.70,1013.40,1102.51,1325.06,1396.63,1675.11,
287.98,493.75,524.87,717.08,802.38,1014.28,1103.32,1325.97,1397.17,1676.08,
288.75,494.70,525.61,718.05,803.06,1015.16,1104.13,1326.88,1397.71,1677.05,
289.52,495.65,526.35,719.02,803.74,1016.04,1104.94,1327.79,1398.25,1678.02,
290.29,496.60,527.09,719.99,804.42,1016.92,1105.75,1328.70,1398.79,1678.99,
291.06,497.55,527.83,720.96,805.10,1017.80,1106.56,1329.61,1399.33,1679.96,
291.83,498.50,528.57,721.93,805.78,1018.68,1107.37,1330.52,1399.87,1680.93,
292.60,499.45,529.31,722.90,806.46,1019.56,1108.18,1331.43,1400.41,1681.90,
293.37,500.40,530.05,723.87,807.14,1020.44,1108.99,1332.34,1400.95,1682.87,
294.14,501.35,530.79,724.84,807.82,1021.32,1109.80,1333.25,1401.49,1683.84,
294.91,502.30,531.53,725.81,808.50,1022.20,1110.61,1334.16,1402.03,1684.81,
295.68,503.25,532.27,726.78,809.18,1023.08,1111.42,1335.07,1402.57,1685.78,
296.45,504.20,533.01,727.75,809.86,1023.96,1112.23,1335.98,1403.11,1686.75,
297.22,505.15,533.75,728.72,810.54,1024.84,1113.04,1336.89,1403.65,1687.72,
297.99,506.10,534.49,729.69,811.22,1025.72,1113.85,1337.80,1404.19,1688.69,
298.76,507.05,535.23,730.66,811.90,1026.60,1114.66,1338.71,1404.73,1689.66,
299.53,508.00,535.97,731.63,812.58,1027.48,1115.47,1339.62,1405.27,1690.63,
300.30,508.95,536.71,732.60,813.26,1028.36,1116.28,1340.53,1405.81,1691.60,
301.07,509.90,537.45,733.57,813.94,1029.24,1117.09,1341.44,1406.35,1692.57,
301.84,510.85,538.19,734.54,814.62,1030.12,1117.90,1342.35,1406.89,1693.54,
302.61,511.80,538.93,735.51,815.30,1031.00,1118.71,1343.26,1407.43,1694.51,
303.38,512.75,539.67,736.48,815.98,1031.88,1119.52,1344.17,1407.97,1695.48,
304.15,513.70,540.41,737.45,816.66,1032.76,1120.33,1345.08,1408.51,1696.45,
304.92,514.65,541.15,738.42,817.34,1033.64,1121.14,1345.99,1409.05,1697.42,
305.69,515.60,541.89,739.39,818.02,1034.52,1121.95,1346.90,1409.59,1698.39,
306.46,516.55,542.63,740.36,818.70,1035.40,1122.76,1347.81,1410.13,1699.36,
307.23,517.50,543.37,741.33,819.38,1036.28,1123.57,1348.72,1410.67,1700.33,
308.00,518.45,544.11,742.30,820.06,1037.16,1124.38,1349.63,1411.21,1701.30,
308.77,519.40,544.85,743.27,820.74,1038.04,1125.19,1350.54,1411.75,1702.27,
309.54,520.35,545.59,744.24,821.42,1038.92,1126.00,1351.45,1412.29,1703.24,
310.31,521.30,546.33,745.21,822.10,1039.80,1126.81,1352.36,1412.83,1704.21,
311.08,522.25,547.07,746.18,822.78,1040.68,1127.62,1353.27,1413.37,1705.18,
311.85,523.20,547.81,747.15,823.46,1041.56,1128.43,1354.18,1413.91,1706.15,
312.62,524.15,548.55,748.12,824.14,1042.44,1129.24,1355.09,1414.45,1707.12,
313.39,525.10,549.29,749.09,824.82,1043.32,1130.05,1356.00,1414.99,1708.09,
314.16,526.05,550.03,750.06,825.50,1044.20,1130.86,1356.91,1415.53,1709.06,
314.93,527.00,550.77,751.03,826.18,1045.08,1131.67,1357.82,1416.07,1710.03,
315.70,527.95,551.51,752.00,826.86,1045.96,1132.48,1358.73,1416.61,1711.00,
316.47,528.90,552.25,752.97,827.54,1046.84,1133.29,1359.64,1417.15,1711.97,
317.24,529.85,552.99,753.94,828.22,1047.72,1134.10,1360.55,1417.69,1712.94,
318.01,530.80,553.73,754.91,828.90,1048.60,1134.91,1361.46,1418.23,1713.91,
318.78,531.75,554.47,755.88,829.58,1049.48,1135.72,1362.37,1418.77,1714.88,
319.55,532.70,555.21,756.85,830.26,1050.36,1136.53,1363.28,1419.31,1715.85,
320.32,533.65,555.95,757.82,830.94,1051.24,1137.34,1364.19,1419.85,1716.82,
321.09,534.60,556.69,758.79,831.62,1052.12,1138.15,1365.10,1420.39,1717.79,
321.86,535.55,557.43,759.76,832.30,1053.00,1138.96,1366.01,1420.93,1718.76,
322.63,536.50,558.17,760.73,832.98,1053.88,1139.77,1366.92,1421.47,1719.73,
323.40,537.45,558.91,761.70,833.66,1054.76,1140.58,1367.83,1422.01,1720.70,
324.17,538.40,559.65,762.67,834.34,1055.64,1141.39,1368.74,1422.55,1721.67,
324.94,539.35,560.39,763.64,835.02,1056.52,1142.20,1369.65,1423.09,1722.64,
325.71,540.30,561.13,764.61,835.70,1057.40,1143.01,1370.56,1423.63,1723.61,
326.48,541.25,561.87,765.58,836.38,1058.28,1143.82,1371.47,1424.17,1724.58,
327.25,542.20,562.61,766.55,837.06,1059.16,1144.63,1372.38,1424.71,1725.55,
328.02,543.15,563.35,767.52,837.74,1060.04,1145.44,1373.29,1425.25,1726.52,
328.79,544.10,564.09,768.49,838.42,1060.92,1146.25,1374.20,1425.79,1727.49,
329.56,545.05,564.83,769.46,839.10,1061.80,1147.06,1375.11,1426.33,1728.46,
330.33,546.00,565.57,770.43,839.78,1062.68,1147.87,1376.02,1426.87,1729.43,
331.10,546.95,566.31,771.40,840.46,1063.56,1148.68,1376.93,1427.41,1730.40,
331.87,547.90,567.05,772.37,841.14,1064.44,1149.49,1377.84,1427.95,1731.37,
332.64,548.85,567.79,773.34,841.82,1065.32,1150.30,1378.75,1428.49,1732.34,
333.41,549.80,568.53,774.31,842.50,1066.20,1151.11,1379.66,1429.03,1733.31,
334.18,550.75,569.27,775.28,843.18,1067.08,1151.92,1380.57,1429.57,1734.28,
334.95,551.70,570.01,776.25,843.86,1067.96,1152.73,1381.48,1430.11,1735.25,
335.72,552.65,570.75,777.22,844.54,1068.84,1153.54,1382.39,1430.65,1736.22,
336.49,553.60,571.49,778.19,845.22,1069.72,1154.35,1383.30,1431.19,1737.19,
337.26,554.55,572.23,779.16,845.90,1070.60,1155.16,1384.21,1431.73,1738.16,
338.03,555.50,572.97,780.13,846.58,1071.48,1155.97,1385.12,1432.27,1739.13,
338.80,556.45,573.71,781.10,847.26,1072.36,1156.78,1386.03,1432.81,1740.10,
339.57,557.40,574.45,782.07,847.94,1073.24,1157.59,1386.94,1433.35,1741.07,
340.34,558.35,575.19,783.04,848.62,1074.12,1158.40,1387.85,1433.89,1742.04,
341.11,559.30,575.93,784.01,849.30,1075.00,1159.21,1388.76,1434.43,1743.01,
341.88,560.25,576.67,784.98,849.98,1075.88,1160.02,1389.67,1434.97,1743.98,
342.65,561.20,577.41,785.95,850.66,1076.76,1160.83,1390.58,1435.51,1744.95,
343.42,562.15,578.15,786.92,851.34,1077.64,1161.64,1391.49,1436.05,1745.92,
344.19,563.10,578.89,787.89,852.02,1078.52,1162.45,1392.40,1436.59,1746.89,
344.96,564.05,579.63,788.86,852.70,1079.40,1163.26,1393.31,1437.13,1747.86,
345.73,565.00,580.37,789.83,853.38,1080.28,1164.07,1394.22,1437.67,1748.83,
346.50,565.95,581.11,790.80,854.06,1081.16,1164.88,1395.13,1438.21,1749.80,
347.27,566.90,581.85,791.77,854.74,1082.04,1165.69,1396.04,1438.75,1750.77,
348.04,567.85,582.59,792.74,855.42,1082.92,1166.50,1396.95,1439.29,1751.74,
348.81,568.80,583.33,793.71,856.10,1083.80,1167.31,1397.86,1439.83,1752.71,
349.58,569.75,584.07,794.68,856.78,1084.68,1168.12,1398.77,1440.37,1753.68,
350.35,570.70,584.81,795.65,857.46,1085.56,1168.93,1399.68,1440.91,1754.65,
351.12,571.65,585.55,796.62,858.14,1086.44,1169.74,1400.59,1441.45,1755.62,
351.89,572.60,586.29,797.59,858.82,1087.32,1170.55,1401.50,1441.99,1756.59,
352.66,573.55,587.03,798.56,859.50,1088.20,1171.36,1402.41,1442.53,1757.56,
353.43,574.50,587.77,799.53,860.18,1089.08,1172.17,1403.32,1443.07,1758.53,
354.20,575.45,588.51,800.50,860.86,1089.96,1172.98,1404.23,1443.61,1759.50,
354.97,576.40,589.25,801.47,861.54,1090.84,1173.79,1405.14,1444.15,1760.47,
355.74,577.35,589.99,802.44,862.22,1091.72,1174.60,1406.05,1444.69,1761.44,
356.51,578.30,590.73,803.41,862.90,1092.60,1175.41,1406.96,1445.23,1762.41,
357.28,579.25,591.47,804.38,863.58,1093.48,1176.22,1407.87,1445.77,1763.38,
358.05,580.20,592.21,805.35,864.26,1094.36,1177.03,1408.78,1446.31,1764.35,
358.82,581.15,592.95,806.32,864.94,1095.24,1177.84,1409.69,1446.85,1765.32,
359.59,582.10,593.69,807.29,865.62,1096.12,1178.65,1410.60,1447.39,1766.29,
360.36,583.05,594.43,808.26,866.30,1097.00,1179.46,1411.51,1447.93,1767.26,
361.13,584.00,595.17,809.23,866.98,1097.88,1180.27,1412.42,1448.47,1768.23,
361.90,584.95,595.91,810.20,867.66,1098.76,1181.08,1413.33,1449.01,1769.20,
362.67,585.90,596.65,811.17,868.34,1099.64,1181.89,1414.24,1449.55,1770.17,
363.44,586.85,597.39,812.14,869.02,1100.52,1182.70,1415.15,1450.09,1771.14,
364.21,587.80,598.13,813.11,869.70,1101.40,1183.51,1416.06,1450.63,1772.11,
364.98,588.75,598.87,814.08,870.38,1102.28,1184.32,1416.97,1451.17,1773.08,
365.75,589.70,599.61,815.05,871.06,1103.16,1185.13,1417.88,1451.71,1774.05,
366.52,590.44,600.35,816.02,871.74,1104.04,1185.94,1418.79,1452.25,1775.02,
367.29,591.18,601.09,816.99,872.42,1104.92,1186.75,1419.70,1452.79,1775.99,
368.06,591.92,601.83,817.96,873.10,1105.80,1187.56,1420.61,1453.33,1776.96,
368.83,592.66,602.57,818.93,873.78,1106.68,1188.37,1421.52,1453.87,1777.93,
369.60,593.40,603.31,819.90,874.46,1107.56,1189.18,1422.43,1454.41,1778.90,
370.37,594.14,604.05,820.87,875.14,1108.44,1189.99,1423.34,1454.95,1779.87,
371.14,594.88,604.79,821.84,875.82,1109.32,1190.80,1424.25,1455.49,1780.84,
371.91,595.62,605.53,822.81,876.50,1110.20,1191.61,1425.16,1456.03,1781.81,
372.68,596.36,606.27,823.78,877.18,1111.08,1192.42,1426.07,1456.57,1782.78,
373.45,597.10,607.01,824.75,877.86,1111.96,1193.23,1426.98,1457.11,1783.75,
374.22,597.84,607.75,825.72,878.54,1112.84,1194.04,1427.89,1457.65,1784.72,
374.99,598.58,608.49,826.69,879.22,1113.72,1194.85,1428.80,1458.19,1785.69,
375.76,599.32,609.23,827.66,879.90,1114.60,1195.66,1429.71,1458.73,1786.66,
376.53,600.06,609.97,828.63,880.58,1115.48,1196.47,1430.62,1459.27,1787.63,
377.30,600.80,610.71,829.60,881.26,1116.36,1197.28,1431.53,1459.81,1788.60,
378.07,601.54,611.45,830.57,881.94,1117.24,1198.09,1432.44,1460.35,1789.57,
378.84,602.28,612.19,831.54,882.62,1118.12,1198.90,1433.35,1460.89,1790.54,
379.61,603.02,612.93,832.51,883.30,1119.00,1199.71,1434.26,1461.43,1791.51,
380.38,603.76,613.67,833.48,883.98,1119.88,1200.52,1435.17,1461.97,1792.48,
381.15,604.50,614.41,834.45,884.66,1120.76,1201.33,1436.08,1462.51,1793.45,
381.92,605.24,615.15,835.42,885.34,1121.64,1202.14,1436.99,1463.05,1794.42,
382.69,605.98,615.89,836.39,886.02,1122.52,1202.95,1437.90,1463.59,1795.39,
383.46,606.72,616.63,837.36,886.70,1123.40,1203.76,1438.81,1464.13,1796.36,
384.23,607.46,617.37,838.33,887.38,1124.28,1204.57,1439.72,1464.67,1797.33,
385.00,608.20,618.11,839.30,888.06,1125.16,1205.38,1440.63,1465.21,1798.30,
385.77,608.94,618.85,840.27,888.74,1126.04,1206.19,1441.54,1465.75,1799.27,
386.54,609.68,619.59,841.24,889.42,1126.92,1207.00,1442.45,1466.29,1800.24,
387.31,610.42,620.33,842.21,890.10,1127.80,1207.81,1443.36,1466.83,1801.21,
388.08,611.16,621.07,843.18,890.78,1128.68,1208.62,1444.27,1467.37,1802.18,
388.85,611.90,621.81,844.15,891.46,1129.56,1209.43,1445.18,1467.91,1803.15,
389.62,612.64,622.55,845.12,892.14,1130.44,1210.24,1446.09,1468.45,1804.12,
390.39,613.38,623.29,846.09,892.82,1131.32,1211.05,1447.00,1468.99,1805.09,
391.16,614.12,624.03,847.06,893.50,1132.20,1211.86,1447.91,1469.53,1806.06,
391.93,614.86,624.77,848.03,894.18,1133.08,1212.67,1448.82,1470.07,1807.03,
392.70,615.60,625.51,849.00,894.86,1133.96,1213.48,1449.73,1470.61,1808.00,
393.47,616.34,626.25,849.97,895.54,1134.84,1214.29,1450.64,1471.15,1808.97,
394.24,617.08,626.99,850.94,896.22,1135.72,1215.10,1451.55,1471.69,1809.94,
395.01,617.82,627.73,851.91,896.90,1136.60,1215.91,1452.46,1472.23,1810.91,
395.78,618.56,628.47,852.88,897.58,1137.48,1216.72,1453.37,1472.77,1811.88,
396.55,619.30,629.21,853.85,898.26,1138.36,1217.53,1454.28,1473.31,1812.85,
397.32,620.04,629.95,854.82,898.94,1139.24,1218.34,1455.19,1473.85,1813.82,
398.09,620.78,630.69,855.79,899.62,1140.12,1219.15,1456.10,1474.39,1814.79,
398.86,621.52,631.43,856.76,900.30,1141.00,1219.96,1457.01,1474.93,1815.76,
399.63,622.26,632.17,857.73,900.98,1141.88,1220.77,1457.92,1475.47,1816.73,
400.40,623.00,632.91,858.70,901.66,1142.76,1221.58,1458.83,1476.01,1817.70,
401.17,623.74,633.65,859.67,902.34,1143.64,1222.39,1459.74,1476.55,1818.67,
401.94,624.48,634.39,860.64,903.02,1144.52,1223.20,1460.65,1477.09,1819.64,
402.71,625.22,635.13,861.61,903.70,1145.40,1224.01,1461.56,1477.63,1820.61,
403.48,625.96,635.87,862.58,904.38,1146.28,1224.82,1462.47,1478.17,1821.58,
404.25,626.70,636.61,863.55,905.06,1147.16,1225.63,1463.38,1478.71,1822.55,
405.02,627.44,637.35,864.52,905.74,1148.04,1226.44,1464.29,1479.25,1823.52,
405.79,628.18,638.09,865.49,906.42,1148.92,1227.25,1465.20,1479.79,1824.49,
406.56,628.92,638.83,866.46,907.10,1149.80,1228.06,1466.11,1480.33,1825.46,
407.33,629.66,639.57,867.43,907.78,1150.68,1228.87,1467.02,1480.87,1826.43,
408.10,630.40,640.31,868.40,908.46,1151.56,1229.68,1467.93,1481.41,1827.40,
408.87,631.14,641.05,869.37,909.14,1152.44,1230.49,1468.84,1481.95,1828.37,
409.64,631.88,641.79,870.34,909.82,1153.32,1231.30,1469.75,1482.49,1829.34,
410.41,632.62,642.53,871.31,910.50,1154.20,1232.11,1470.66,1483.03,1830.31,
411.18,633.36,643.27,872.28,911.18,1155.08,1232.92,1471.57,1483.57,1831.28,
411.95,634.10,644.01,873.25,911.86,1155.96,1233.73,1472.48,1484.11,1832.25,
412.72,634.84,644.75,874.22,912.54,1156.84,1234.54,1473.39,1484.65,1833.22,
413.49,635.58,645.49,875.19,913.22,1157.72,1235.35,1474.30,1485.19,1834.19,
414.26,636.32,646.23,876.16,913.90,1158.60,1236.16,1475.21,1485.73,1835.16,
415.03,637.06,646.97,877.13,914.58,1159.48,1236.97,1476.12,1486.27,1836.13,
415.80,637.80,647.71,878.10,915.26,1160.36,1237.78,1477.03,1486.81,1837.10,
416.57,638.54,648.45,879.07,915.94,1161.24,1238.59,1477.57,1487.35,1838.07,
417.34,639.28,649.19,880.04,916.62,1162.12,1239.40,1478.11,1487.89,1839.04,
418.11,640.02,649.93,881.01,917.30,1163.00,1240.21,1478.65,1488.43,1840.01,
418.88,640.76,650.67,881.98,917.98,1163.88,1241.02,1479.19,1488.97,1840.98,
419.65,641.50,651.41,882.95,918.66,1164.76,1241.83,1479.73,1489.51,1841.95,
420.42,642.24,652.15,883.92,919.34,1165.64,1242.64,1480.27,1490.05,1842.92,
421.19,642.98,652.89,884.89,920.02,1166.52,1243.45,1480.81,1490.59,1843.89,
421.96,643.72,653.63,885.86,920.70,1167.40,1244.26,1481.35,1491.13,1844.86,
422.73,644.46,654.37,886.83,921.38,1168.28,1245.07,1481.89,1491.67,1845.83,
423.50,645.20,655.11,887.80,922.06,1169.16,1245.88,1482.43,1492.21,1846.80,
424.27,645.94,655.85,888.77,922.74,1170.04,1246.69,1482.97,1492.75,1847.77,
425.04,646.68,656.59,889.74,923.42,1170.92,1247.50,1483.51,1493.29,1848.74,
425.81,647.42,657.33,890.71,924.10,1171.80,1248.31,1484.05,1493.83,1849.71,
426.58,648.16,658.07,891.68,924.78,1172.68,1249.12,1484.59,1494.37,1850.68,
427.35,648.90,658.81,892.65,925.46,1173.56,1249.93,1485.13,1494.91,1851.65,
428.12,649.64,659.55,893.62,926.14,1174.44,1250.74,1485.67,1495.45,1852.62,
428.89,650.38,660.29,894.59,926.82,1175.32,1251.55,1486.21,1495.99,1853.59,
429.66,651.12,661.03,895.56,927.50,1176.20,1252.36,1486.75,1496.53,1854.56,
430.43,651.86,661.77,896.53,928.18,1177.08,1253.17,1487.29,1497.07,1855.53,
431.20,652.60,662.51,897.50,928.86,1177.96,1253.98,1487.83,1497.61,1856.50,
431.97,653.34,663.25,898.47,929.54,1178.84,1254.79,1488.37,1498.15,1857.47,
432.74,654.08,663.99,899.44,930.22,1179.72,1255.60,1488.91,1498.69,1858.44,
433.51,654.82,664.73,900.41,930.90,1180.60,1256.41,1489.45,1499.23,1859.41,
434.28,655.56,665.47,901.38,931.58,1181.48,1257.22,1489.99,1499.77,1860.38,
435.05,656.30,666.21,902.35,932.26,1182.36,1258.03,1490.53,1500.31,1861.35,
435.82,657.04,666.95,903.32,932.94,1183.24,1258.84,1491.07,1500.85,1862.32,
436.59,657.78,667.69,904.29,933.62,1184.12,1259.65,1491.61,1501.39,1863.29,
437.36,658.52,668.43,905.26,934.30,1185.00,1260.46,1492.15,1501.93,1864.26,
438.13,659.26,669.17,906.23,934.98,1185.88,1261.27,1492.69,1502.47,1865.23,
438.90,660.00,669.91,907.20,935.66,1186.76,1262.08,1493.23,1503.01,1866.20,
439.67,660.74,670.65,908.17,936.34,1187.64,1262.89,1493.77,1503.55,1867.17,
440.44,661.48,671.39,909.14,937.02,1188.52,1263.70,1494.31,1504.09,1868.14,
441.21,662.22,672.13,910.11,937.70,1189.40,1264.51,1494.85,1504.63,1869.11,
441.98,662.96,672.87,911.08,938.38,1190.28,1265.32,1495.39,1505.17,1870.08,
442.75,663.70,673.61,912.05,939.06,1191.16,1266.13,1495.93,1505.71,1871.05,
443.52,664.44,674.35,913.02,939.74,1192.04,1266.94,1496.47,1506.25,1872.02,
444.29,665.18,675.09,913.99,940.42,1192.92,1267.75,1497.01,1506.79,1872.99,
445.06,665.92,675.83,914.96,941.10,1193.80,1268.56,1497.55,1507.33,1873.96,
445.83,666.66,676.57,915.93,941.78,1194.68,1269.37,1498.09,1507.87,1874.93,
446.60,667.40,677.31,916.90,942.46,1195.56,1270.18,1498.63,1508.41,1875.90,
447.37,668.14,678.05,917.87,943.14,1196.44,1270.99,1499.17,1508.95,1876.87,
448.14,668.88,678.79,918.84,943.82,1197.32,1271.80,1499.71,1509.49,1877.84,
448.91,669.62,679.53,919.81,944.50,1198.20,1272.61,1500.25,1510.03,1878.81,
449.68,670.36,680.27,920.78,945.18,1199.08,1273.42,1500.79,1510.57,1879.78,
450.45,671.10,681.01,921.75,945.86,1199.96,1274.23,1501.33,1511.11,1880.75,
451.22,671.84,681.75,922.72,946.54,1200.84,1275.04,1501.87,1511.65,1881.72,
451.99,672.58,682.49,923.69,947.22,1201.72,1275.85,1502.41,1512.19,1882.69,
452.76,673.32,683.23,924.66,947.90,1202.60,1276.66,1502.95,1512.73,1883.66,
453.53,674.06,683.97,925.63,948.58,1203.48,1277.47,1503.49,1513.27,1884.63,
454.30,674.80,684.71,926.60,949.26,1204.36,1278.28,1504.03,1513.81,1885.60,
455.07,675.54,685.45,927.57,949.94,1205.24,1279.09,1504.57,1514.35,1886.57,
455.84,676.28,686.19,928.54,950.62,1206.12,1279.90,1505.11,1514.89,1887.54,
456.61,677.02,686.93,929.51,951.30,1207.00,1280.71,1505.65,1515.43,1888.51,
457.38,677.76,687.67,930.48,951.98,1207.88,1281.52,1506.19,1515.97,1889.48,
458.15,678.50,688.41,931.45,952.66,1208.76,1282.33,1506.73,1516.51,1890.45,
458.92,679.24,689.15,932.42,953.34,1209.64,1283.14,1507.27,1517.05,1891.42,
459.69,679.98,689.89,933.39,954.02,1210.52,1283.95,1507.81,1517.59,1892.39,
460.46,680.72,690.63,934.36,954.70,1211.40,1284.76,1508.35,1518.13,1893.36,
461.23,681.46,691.37,935.33,955.38,1212.28,1285.57,1508.89,1518.67,1894.33,
462.00,682.20,692.11,936.30,956.06,1213.16,1286.38,1509.43,1519.21,1895.30,
462.77,682.94,692.85,937.27,956.74,1214.04,1287.19,1509.97,1519.75,1896.27,
463.54,683.68,693.59,938.24,957.42,1214.92,1288.00,1510.51,1520.29,1897.24,
464.31,684.42,694.33,939.21,958.10,1215.80,1288.81,1511.05,1520.83,1898.21,
465.08,685.16,695.07,940.18,958.78,1216.68,1289.62,1511.59,1521.37,1899.18,
465.85,685.90,695.81,941.15,959.46,1217.56,1290.43,1512.13,1521.91,1900.15,
466.62,686.64,696.55,942.12,960.14,1218.44,1291.24,1512.67,1522.45,1901.12,
467.39,687.38,697.29,943.09,960.82,1219.32,1292.05,1513.21,1522.99,1902.09,
468.16,688.12,698.03,944.06,961.50,1220.20,1292.86,1513.75,1523.53,1903.06,
468.93,688.86,698.77,945.03,962.18,1221.08,1293.67,1514.29,1524.07,1904.03,
469.70,689.60,699.51,946.00,962.86,1221.96,1294.48,1514.83,1524.61,1905.00,
470.47,690.34,700.25,946.97,963.54,1222.84,1295.29,1515.37,1525.15,1905.97,
471.24,691.08,700.99,947.94,964.22,1223.72,1296.10,1515.91,1525.69,1906.94,
472.01,691.82,701.73,948.91,964.90,1224.60,1296.91,1516.45,1526.23,1907.91,
472.78,692.56,702.47,949.88,965.58,1225.48,1297.72,1516.99,1526.77,1908.88,
473.55,693.30,703.21,950.85,966.26,1226.36,1298.53,1517.53,1527.31,1909.85,
474.32,694.04,703.95,951.82,966.94,1227.24,1299.34,1518.07,1527.85,1910.82,
475.09,694.78,704.69,952.79,967.62,1228.12,1300.15,1518.61,1528.39,1911.79,
475.86,695.52,705.43,953.76,968.30,1229.00,1300.96,1519.15,1528.93,1912.76,
476.63,696.26,706.17,954.73,968.98,1229.88,1301.77,1519.69,1529.47,1913.73,
477.40,697.00,706.91,955.70,969.66,1230.76,1302.58,1520.23,1530.01,1914.70,
478.17,697.74,707.65,956.67,970.34,1231.64,1303.39,1520.77,1530.55,1915.67,
478.94,698.48,708.39,957.64,971.02,1232.52,1304.20,1521.31,1531.09,1916.64,
479.71,699.22,709.13,958.61,971.70,1233.40,1305.01,1521.85,1531.63,1917.61,
480.48,699.96,709.87,959.58,972.38,1234.28,1305.82,1522.39,1532.17,1918.58,
481.25,700.70,710.61,960.55,973.06,1235.16,1306.63,1522.93,1532.71,1919.55,
482.02,701.44,711.35,961.52,973.74,1236.04,1307.44,1523.47,1533.25,1920.52,
482.79,702.18,712.09,962.49,974.42,1236.92,1308.25,1524.01,1533.79,1921.49,
483.56,702.92,712.83,963.46,975.10,1237.80,1309.06,1524.55,1534.33,1922.46,
484.33,703.66,713.57,964.43,975.78,1238.68,1309.87,1525.09,1534.87,1923.43,
485.10,704.40,714.31,965.40,976.46,1239.56,1310.68,1525.63,1535.41,1924.40,
485.87,705.14,715.05,966.37,977.14,1240.44,1311.49,1526.17,1535.95,1925.37,
486.64,705.88,715.79,967.34,977.82,1241.32,1312.30,1526.71,1536.49,1926.34,
487.41,706.62,716.53,968.31,978.50,1242.20,1313.11,1527.25,1537.03,1927.31,
488.18,707.36,717.27,969.28,979.18,1243.08,1313.92,1527.79,1537.57,1928.28,
488.95,708.10,718.01,969.96,979.86,1243.96,1314.73,1528.33,1538.11,1929.25,
489.72,708.84,718.75,970.64,980.54,1244.84,1315.54,1528.87,1538.65,1930.22,
490.49,709.58,719.49,971.32,981.22,1245.72,1316.35,1529.41,1539.19,1931.19,
491.26,710.32,720.23,972.00,981.90,1246.60,1317.16,1529.95,1539.73,1932.16,
492.03,711.06,720.97,972.68,982.58,1247.48,1317.97,1530.49,1540.27,1933.13,
492.80,711.80,721.71,973.36,983.26,1248.36,1318.78,1531.03,1540.81,1934.10,
493.57,712.54,722.45,974.04,983.94,1249.24,1319.59,1531.57,1541.35,1935.07,
494.34,713.28,723.19,974.72,984.62,1250.12,1320.40,1532.11,1541.89,1936.04,
495.11,714.02,723.93,975.40,985.30,1251.00,1321.21,1532.65,1542.43,1937.01,
495.88,714.76,724.67,976.08,985.98,1251.88,1322.02,1533.19,1542.97,1937.98,
496.65,715.50,725.41,976.76,986.66,1252.76,1322.83,1533.73,1543.51,1938.95,
497.42,716.24,726.15,977.44,987.34,1253.64,1323.64,1534.27,1544.05,1939.92,
498.19,716.98,726.89,978.12,988.02,1254.52,1324.45,1534.81,1544.59,1940.89,
498.96,717.72,727.63,978.80,988.70,1255.40,1325.26,1535.35,1545.13,1941.86,
499.73,718.46,728.37,979.48,989.38,1256.28,1326.07,1535.89,1545.67,1942.83,
500.50,719.20,729.11,980.16,990.06,1257.16,1326.88,1536.43,1546.21,1943.80,
501.27,719.94,729.85,980.84,990.74,1258.04,1327.69,1536.97,1546.75,1944.77,
502.04,720.68,730.59,981.52,991.42,1258.92,1328.50,1537.51,1547.29,1945.74,
502.81,721.42,731.33,982.20,992.10,1259.80,1329.31,1538.05,1547.83,1946.71,
503.58,722.16,732.07,982.88,992.78,1260.68,1330.12,1538.59,1548.37,1947.68,
504.35,722.90,732.81,983.56,993.46,1261.56,1330.93,1539.13,1548.91,1948.65,
505.12,723.64,733.55,984.24,994.14,1262.44,1331.74,1539.67,1549.45,1949.62,
505.89,724.38,734.29,984.92,994.82,1263.32,1332.55,1540.21,1549.99,1950.59,
506.66,725.12,735.03,985.60,995.50,1264.20,1333.36,1540.75,1550.53,1951.56,
507.43,725.86,735.77,986.28,996.18,1265.08,1334.17,1541.29,1551.07,1952.53,
508.20,726.60,736.51,986.96,996.86,1265.96,1334.98,1541.83,1551.61,1953.50,
508.97,727.34,737.25,987.64,997.54,1266.84,1335.79,1542.37,1552.15,1954.47,
509.74,728.08,737.99,988.32,998.22,1267.72,1336.60,1542.91,1552.69,1955.44,
510.51,728.82,738.73,989.00,998.90,1268.60,1337.41,1543.45,1553.23,1956.41,
511.28,729.56,739.47,989.68,999.58,1269.48,1338.22,1543.99,1553.77,1957.38,
512.05,730.30,740.21,990.36,1000.26,1270.36,1339.03,1544.53,1554.31,1958.35,
512.82,731.04,740.95,991.04,1000.94,1271.24,1339.84,1545.07,1554.85,1959.32,
513.59,731.78,741.69,991.72,1001.62,1272.12,1340.65,1545.61,1555.39,1960.29,
514.36,732.52,742.43,992.40,1002.30,1273.00,1341.46,1546.15,1555.93,1961.26,
515.13,733.26,743.17,993.08,1002.98,1273.88,1342.27,1546.69,1556.47,1962.23,
515.90,734.00,743.91,993.76,1003.66,1274.76,1343.08,1547.23,1557.01,1963.20,
516.67,734.74,744.65,994.44,1004.34,1275.64,1343.89,1547.77,1557.55,1964.17,
517.44,735.48,745.39,995.12,1005.02,1276.52,1344.70,1548.31,1558.09,1965.14,
518.21,736.22,746.13,995.80,1005.70,1277.40,1345.51,1548.85,1558.63,1966.11,
518.98,736.96,746.87,996.48,1006.38,1278.28,1346.32,1549.39,1559.17,1967.08,
519.75,737.70,747.61,997.16,1007.06,1279.16,1347.13,1549.93,1559.71,1968.05,
520.52,738.44,748.35,997.84,1007.74,1280.04,1347.94,1550.47,1560.25,1969.02,
521.29,739.18,749.09,998.52,1008.42,1280.92,1348.75,1551.01,1560.79,1969.99,
522.06,739.92,749.83,999.20,1009.10,1281.80,1349.56,1551.55,1561.33,1970.96,
522.83,740.66,750.57,999.88,1009.78,1282.68,1350.37,1552.09,1561.87,1971.93,
523.60,741.40,751.31,1000.56,1010.46,1283.56,1351.18,1552.63,1562.41,1972.90,
524.37,742.14,752.05,1001.24,1011.14,1284.44,1351.99,1553.17,1562.95,1973.87,
525.14,742.88,752.79,1001.92,1011.82,1285.32,1352.80,1553.71,1563.49,1974.84,
525.91,743.62,753.53,1002.60,1012.50,1286.20,1353.61,1554.25,1564.03,1975.81,
526.68,744.36,754.27,1003.28,1013.18,1287.08,1354.42,1554.79,1564.57,1976.78,
527.45,745.10,755.01,1003.96,1013.86,1287.96,1355.23,1555.33,1565.11,1977.75,
528.22,745.84,755.75,1004.64,1014.54,1288.84,1356.04,1555.87,1565.65,1978.72,
528.99,746.58,756.49,1005.32,1015.22,1289.72,1356.85,1556.41,1566.19,1979.69,
529.76,747.32,757.23,1006.00,1015.90,1290.60,1357.66,1556.95,1566.73,1980.66,
530.53,748.06,757.97,1006.68,1016.58,1291.48,1358.47,1557.49,1567.27,1981.63,
531.30,748.80,758.71,1007.36,1017.26,1292.36,1359.28,1558.03,1567.81,1982.60,
532.07,749.54,759.45,1008.04,1017.94,1293.24,1360.09,1558.57,1568.35,1983.57,
532.84,750.28,760.19,1008.72,1018.62,1294.12,1360.90,1559.11,1568.89,1984.54,
533.61,751.02,760.93,1009.40,1019.30,1295.00,1361.71,1559.65,1569.43,1985.51,
534.38,751.76,761.67,1010.08,1019.98,1295.88,1362.52,1560.19,1569.97,1986.48,
535.15,752.50,762.41,1010.76,1020.66,1296.76,1363.33,1560.73,1570.51,1987.45,
535.92,753.24,763.15,1011.44,1021.34,1297.64,1364.14,1561.27,1571.05,1988.42,
536.69,753.98,763.89,1012.12,1022.02,1298.52,1364.95,1561.81,1571.59,1989.39,
537.46,754.72,764.63,1012.80,1022.70,1299.40,1365.76,1562.35,1572.13,1990.36,
538.23,755.46,765.37,1013.48,1023.38,1300.28,1366.57,1562.89,1572.67,1991.33,
539.00,756.20,766.11,1014.16,1024.06,1301.16,1367.38,1563.43,1573.21,1992.30,
539.77,756.94,766.85,1014.84,1024.74,1302.04,1368.19,1563.97,1573.75,1993.27,
540.54,757.68,767.59,1015.52,1025.42,1302.92,1369.00,1564.51,1574.29,1994.24,
541.31,758.42,768.33,1016.20,1026.10,1303.80,1369.81,1565.05,1574.83,1995.21,
542.08,759.16,769.07,1016.88,1026.78,1304.68,1370.62,1565.59,1575.37,1996.18,
542.85,759.90,769.81,1017.56,1027.46,1305.56,1371.43,1566.13,1575.91,1997.15,
543.62,760.64,770.55,1018.24,1028.14,1306.44,1372.24,1566.67,1576.45,1998.12,
544.39,761.38,771.29,1018.92,1028.82,1307.32,1373.05,1567.21,1576.99,1999.09,
545.16,762.12,772.03,1019.60,1029.50,1308.20,1373.86,1567.75,1577.53,2000.06,
545.93,762.86,772.77,1020.28,1030.18,1309.08,1374.67,1568.29,1578.07,2001.03,
546.70,763.60,773.51,1020.96,1030.86,1309.96,1375.48,1568.83,1578.61,2002.00,
547.47,764.34,774.25,1021.64,1031.54,1310.84,1376.29,1569.37,1579.15,2002.97,
548.24,765.08,774.99,1022.32,1032.22,1311.72,1377.10,1569.91,1579.69,2003.94,
549.01,765.82,775.73,1023.00,1032.90,1312.60,1377.91,1570.45,1580.23,2004.91,
549.78,766.56,776.47,1023.68,1033.58,1313.48,1378.72,1570.99,1580.77,2005.88,
550.55,767.30,777.21,1024.36,1034.26,1314.36,1379.53,1571.53,1581.31,2006.85,
551.32,768.04,777.95,1025.04,1034.94,1315.24,1380.34,1572.07,1581.85,2007.82,
552.09,768.78,778.69,1025.72,1035.62,1316.12,1381.15,1572.61,1582.39,2008.79,
552.86,769.52,779.43,1026.40,1036.30,1317.00,1381.96,1573.15,1582.93,2009.76,
553.63,770.26,780.17,1027.08,1036.98,1317.88,1382.77,1573.69,1583.47,2010.73,
554.40,771.00,780.91,1027.76,1037.66,1318.76,1383.58,1574.23,1584.01,2011.70,
555.17,771.74,781.65,1028.44,1038.34,1319.64,1384.39,1574.77,1584.55,2012.67,
555.94,772.48,782.39,1029.12,1039.02,1320.52,1385.20,1575.31,1585.09,2013.64,
556.71,773.22,783.13,1029.80,1039.70,1321.40,1386.01,1575.85,1585.63,2014.61,
557.48,773.96,783.87,1030.48,1040.38,1322.28,1386.82,1576.39,1586.17,2015.58,
558.25,774.70,784.61,1031.16,1041.06,1323.16,1387.63,1576.93,1586.71,2016.55,
559.02,775.44,785.35,1031.84,1041.74,1324.04,1388.44,1577.47,1587.25,2017.52,
559.79,776.18,786.09,1032.52,1042.42,1324.92,1389.25,1578.01,1587.79,2018.49,
560.56,776.92,786.83,1033.20,1043.10,1325.80,1390.06,1578.55,1588.33,2019.46,
561.33,777.66,787.57,1033.88,1043.78,1326.68,1390.87,1579.09,1588.87,2020.43,
562.10,778.40,788.31,1034.56,1044.46,1327.56,1391.68,1579.63,1589.41,2021.40,
562.87,779.14,789.05,1035.24,1045.14,1328.44,1392.49,1580.17,1589.95,2022.37,
563.64,779.88,789.79,1035.92,1045.82,1329.32,1393.30,1580.71,1590.49,2023.34,
564.41,780.62,790.53,1036.60,1046.50,1330.20,1394.11,1581.25,1591.03,2024.31,
565.18,781.36,791.27,1037.28,1047.18,1331.08,1394.92,1581.79,1591.57,2025.28,
565.95,782.10,792.01,1037.96,1047.86,1331.96,1395.73,1582.33,1592.11,2026.25,
566.72,782.84,792.75,1038.64,1048.54,1332.84,1396.54,1582.87,1592.65,2027.22,
567.49,783.58,793.49,1039.32,1049.22,1333.72,1397.35,1583.41,1593.19,2028.19,
568.26,784.32,794.23,1040.00,1049.90,1334.60,1398.16,1583.95,1593.73,2029.16,
569.03,785.06,794.97,1040.68,1050.58,1335.48,1398.97,1584.49,1594.27,2030.13,
569.80,785.80,795.71,1041.36,1051.26,1336.36,1399.78,1585.03,1594.81,2031.10,
570.57,786.54,796.45,1042.04,1051.94,1337.24,1400.59,1585.57,1595.35,2032.07,
571.34,787.28,797.19,1042.72,1052.62,1338.12,1401.40,1586.11,1595.89,2033.04,
572.11,788.02,797.93,1043.40,1053.30,1339.00,1402.21,1586.65,1596.43,2034.01,
572.88,788.76,798.67,1044.08,1053.98,1339.88,1403.02,1587.19,1596.97,2034.98,
573.65,789.50,799.41,1044.76,1054.66,1340.76,1403.83,1587.73,1597.51,2035.95,
574.42,790.24,800.15,1045.44,1055.34,1341.64,1404.64,1588.27,1598.05,2036.92,
575.19,790.98,800.89,1046.12,1056.02,1342.52,1405.45,1588.81,1598.59,2037.89,
575.96,791.72,801.63,1046.80,1056.70,1343.40,1406.26,1589.35,1599.13,2038.86,
576.73,792.46,802.37,1047.48,1057.38,1344.28,1407.07,1589.89,1599.67,2039.83,
577.50,793.20,803.11,1048.16,1058.06,1345.16,1407.88,1590.43,1600.21,2040.80,
578.27,793.94,803.85,1048.84,1058.74,1346.04,1408.69,1590.97,1600.75,2041.77,
579.04,794.68,804.59,1049.52,1059.42,1346.92,1409.50,1591.51,1601.29,2042.74,
579.81,795.42,805.33,1050.20,1060.10,1347.80,1410.31,1592.05,1601.83,2043.71,
580.58,796.16,806.07,1050.88,1060.78,1348.68,1411.12,1592.59,1602.37,2044.68,
581.35,796.90,806.81,1051.56,1061.46,1349.56,1411.93,1593.13,1602.91,2045.65,
582.12,797.64,807.55,1052.24,1062.14,1350.44,1412.74,1593.67,1603.45,2046.62,
582.89,798.38,808.29,1052.92,1062.82,1351.32,1413.55,1594.21,1603.99,2047.59,
583.66,799.12,809.03,1053.60,1063.50,1352.20,1414.36,1594.75,1604.53,2048.56,
584.43,799.86,809.77,1054.28,1064.18,1353.08,1415.17,1595.29,1605.07,2049.53,
585.20,800.60,810.51,1054.96,1064.86,1353.96,1415.98,1595.83,1605.61,2050.50,
585.97,801.34,811.25,1055.64,1065.54,1354.84,1416.79,1596.37,1606.15,2051.47,
586.74,802.08,811.99,1056.32,1066.22,1355.72,1417.60,1596.91,1606.69,2052.44,
587.51,802.82,812.73,1057.00,1066.90,1356.60,1418.41,1597.45,1607.23,2053.41,
588.28,803.56,813.47,1057.68,1067.58,1357.48,1419.22,1597.99,1607.77,2054.38,
589.05,804.30,814.21,1058.36,1068.26,1358.36,1420.03,1598.53,1608.31,2055.35,
589.82,805.04,814.95,1059.04,1068.94,1359.24,1420.84,1599.07,1608.85,2056.32,
590.59,805.78,815.69,1059.72,1069.62,1360.12,1421.65,1599.61,1609.39,2057.29,
591.36,806.52,816.43,1060.40,1070.30,1361.00,1422.46,1600.15,1609.93,2058.26,
592.13,807.26,817.17,1061.08,1070.98,1361.88,1423.27,1600.69,1610.47,2059.23,
592.90,808.00,817.91,1061.76,1071.66,1362.76,1424.08,1601.23,1611.01,2060.20,
593.67,808.74,818.65,1062.44,1072.34,1363.64,1424.89,1601.77,1611.55,2061.17,
594.44,809.48,819.39,1063.12,1073.02,1364.52,1425.70,1602.31,1612.09,2062.14,
595.21,810.22,820.13,1063.80,1073.70,1365.40,1426.51,1602.85,1612.63,2063.11,
595.98,810.96,820.87,1064.48,1074.38,1366.28,1427.32,1603.39,1613.17,2064.08,
596.75,811.70,821.61,1065.16,1075.06,1367.16,1428.13,1603.93,1613.71,2065.05,
597.52,812.44,822.35,1065.84,1075.74,1368.04,1428.94,1604.47,1614.25,2066.02,
598.29,813.18,823.09,1066.52,1076.42,1368.92,1429.75,1605.01,1614.79,2066.99,
599.06,813.92,823.83,1067.20,1077.10,1369.80,1430.56,1605.55,1615.33,2067.96,
599.83,814.66,824.57,1067.88,1077.78,1370.68,1431.37,1606.09,1615.87,2068.93,
600.60,815.40,825.31,1068.56,1078.46,1371.56,1432.18,1606.63,1616.41,2069.90,
601.37,816.14,826.05,1069.24,1079.14,1372.44,1432.99,1607.17,1616.95,2070.87,
602.14,816.88,826.79,1069.92,1079.82,1373.32,1433.80,1607.71,1617.49,2071.84,
602.91,817.62,827.53,1070.60,1080.50,1374.20,1434.61,1608.25,1618.03,2072.81,
603.68,818.36,828.27,1071.28,1081.18,1375.08,1435.42,1608.79,1618.57,2073.78,
604.45,819.10,829.01,1071.96,1081.86,1375.96,1436.23,1609.33,1619.11,2074.75,
605.22,819.84,829.75,1072.64,1082.54,1376.84,1437.04,1609.87,1619.65,2075.72,
605.99,820.58,830.49,1073.32,1083.22,1377.72,1437.85,1610.41,1620.19,2076.69,
606.76,821.32,831.23,1074.00,1083.90,1378.60,1438.66,1610.95,1620.73,2077.66,
607.53,822.06,831.97,1074.68,1084.58,1379.48,1439.47,1611.49,1621.27,2078.63,
608.30,822.80,832.71,1075.36,1085.26,1380.36,1440.28,1612.03,1621.81,2079.60,
609.07,823.54,833.45,1076.04,1085.94,1381.24,1441.09,1612.57,1622.35,2080.57,
609.84,824.28,834.19,1076.72,1086.62,1382.12,1441.90,1613.11,1622.89,2081.54,
610.61,825.02,834.93,1077.40,1087.30,1383.00,1442.71,1613.65,1623.43,2082.51,
611.38,825.76,835.67,1078.08,1087.98,1383.88,1443.52,1614.19,1623.97,2083.48,
612.15,826.50,836.41,1078.76,1088.66,1384.76,1444.33,1614.73,1624.51,2084.45,
612.92,827.24,837.15,1079.44,1089.34,1385.64,1445.14,1615.27,1625.05,2085.42,
613.69,827.98,837.89,1080.12,1090.02,1386.52,1445.95,1615.81,1625.59,2086.39,
614.46,828.72,838.63,1080.80,1090.70,1387.40,1446.76,1616.35,1626.13,2087.36,
615.23,829.46,839.37,1081.48,1091.38,1388.28,1447.57,1616.89,1626.67,2088.33,
616.00,830.20,840.11,1082.16,1092.06,1389.16,1448.38,1617.43,1627.21,2089.30,
616.77,830.94,840.85,1082.84,1092.74,1390.04,1449.19,1617.97,1627.75,2090.27,
617.54,831.68,841.59,1083.52,1093.42,1390.92,1450.00,1618.51,1628.29,2091.24,
618.31,832.42,842.33,1084.20,1094.10,1391.80,1450.81,1619.05,1628.83,2092.21,
619.08,833.16,843.07,1084.88,1094.78,1392.68,1451.62,1619.59,1629.37,2093.18,
619.85,833.90,843.81,1085.56,1095.46,1393.56,1452.43,1620.13,1629.91,2094.15,
620.62,834.64,844.55,1086.24,1096.14,1394.44,1453.24,1620.67,1630.45,2095.12,
621.39,835.38,845.29,1086.92,1096.82,1395.32,1454.05,1621.21,1630.99,2096.09,
622.16,836.12,846.03,1087.60,1097.50,1396.20,1454.86,1621.75,1631.53,2097.06,
622.93,836.86,846.77,1088.28,1098.18,1397.08,1455.67,1622.29,1632.07,2098.03,
623.70,837.60,847.51,1088.96,1098.86,1397.96,1456.48,1622.83,1632.61,2099.00,
624.47,838.34,848.25,1089.64,1099.54,1398.84,1457.29,1623.37,1633.15,2099.97,
625.24,839.08,848.99,1090.32,1100.22,1399.72,1458.10,1623.91,1633.69,2100.94,
626.01,839.82,849.73,1091.00,1100.90,1400.60,1458.91,1624.45,1634.23,2101.91,
626.78,840.56,850.47,1091.68,1101.58,1401.48,1459.72,1624.99,1634.77,2102.88,
627.55,841.30,851.21,1092.36,1102.26,1402.36,1460.53,1625.53,1635.31,2103.85,
628.32,842.04,851.95,1093.04,1102.94,1403.24,1461.34,1626.07,1635.85,2104.82,
629.09,842.78,852.69,1093.72,1103.62,1404.12,1462.15,1626.61,1636.39,2105.79,
629.86,843.52,853.43,1094.40,1104.30,1405.00,1462.96,1627.15,1636.93,2106.76,
630.63,844.26,854.17,1095.08,1104.98,1405.88,1463.77,1627.69,1637.47,2107.73,
631.40,845.00,854.91,1095.76,1105.66,1406.76,1464.58,1628.23,1638.01,2108.70,
632.17,845.74,855.65,1096.44,1106.34,1407.64,1465.39,1628.77,1638.55,2109.67,
632.94,846.48,856.39,1097.12,1107.02,1408.52,1466.20,1629.31,1639.09,2110.64,
633.71,847.22,857.13,1097.80,1107.70,1409.40,1467.01,1629.85,1639.63,2111.61,
634.48,847.96,857.87,1098.48,1108.38,1410.28,1467.82,1630.39,1640.17,2112.58,
635.25,848.70,858.61,1099.16,1109.06,1411.16,1468.63,1630.93,1640.71,2113.55,
636.02,849.44,859.35,1099.84,1109.74,1412.04,1469.44,1631.47,1641.25,2114.52,
636.79,850.18,860.09,1100.52,1110.42,1412.92,1470.25,1632.01,1641.79,2115.49,
637.56,850.92,860.83,1101.20,1111.10,1413.80,1471.06,1632.55,1642.33,2116.46,
638.33,851.66,861.57,1101.88,1111.78,1414.68,1471.87,1633.09,1642.87,2117.43,
639.10,852.40,862.31,1102.56,1112.46,1415.56,1472.68,1633.63,1643.41,2118.40,
639.87,853.14,863.05,1103.24,1113.14,1416.44,1473.49,1634.17,1643.95,2119.37,
640.64,853.88,863.79,1103.92,1113.82,1417.32,1474.30,1634.71,1644.49,2120.34,
641.41,854.62,864.53,1104.60,1114.50,1418.20,1475.11,1635.25,1645.03,2121.31,
642.18,855.36,865.27,1105.28,1115.18,1419.08,1475.92,1635.79,1645.57,2122.28,
642.95,856.10,866.01,1105.96,1115.86,1419.96,1476.73,1636.33,1646.11,2123.25,
643.72,856.84,866.75,1106.64,1116.54,1420.84,1477.54,1636.87,1646.65,2124.22,
644.49,857.58,867.49,1107.32,1117.22,1421.72,1478.35,1637.41,1647.19,2125.19,
645.26,858.32,868.23,1108.00,1117.90,1422.60,1479.16,1637.95,1647.73,2126.16,
646.03,859.06,868.97,1108.68,1118.58,1423.48,1479.97,1638.49,1648.27,2127.13,
646.80,859.80,869.71,1109.36,1119.26,1424.36,1480.78,1639.03,1648.81,2128.10,
647.57,860.54,870.45,1110.04,1119.94,1425.24,1481.59,1639.57,1649.35,2129.07,
648.34,861.28,871.19,1110.72,1120.62,1426.12,1482.40,1640.11,1649.89,2130.04,
649.11,862.02,871.93,1111.40,1121.30,1427.00,1483.21,1640.65,1650.43,2131.01,
649.88,862.76,872.67,1112.08,1121.98,1427.88,1484.02,1641.19,1650.97,2131.98,
650.65,863.50,873.41,1112.76,1122.66,1428.76,1484.83,1641.73,1651.51,2132.95,
651.42,864.24,874.15,1113.44,1123.34,1429.64,1485.64,1642.27,1652.05,2133.92,
652.19,864.98,874.89,1114.12,1124.02,1430.52,1486.45,1642.81,1652.59,2134.89,
652.96,865.72,875.63,1114.80,1124.70,1431.40,1487.26,1643.35,1653.13,2135.86,
653.73,866.46,876.37,1115.48,1125.38,1432.28,1488.07,1643.89,1653.67,2136.83,
654.50,867.20,877.11,1116.16,1126.06,1433.16,1488.88,1644.43,1654.21,2137.80,
655.27,867.94,877.85,1116.84,1126.74,1434.04,1489.69,1644.97,1654.75,2138.77,
656.04,868.68,878.59,1117.52,1127.42,1434.92,1490.50,1645.51,1655.29,2139.74,
656.81,869.42,879.33,1118.20,1128.10,1435.80,1491.31,1646.05,1655.83,2140.71,
657.58,870.16,880.07,1118.88,1128.78,1436.68,1492.12,1646.59,1656.37,2141.68,
658.35,870.90,880.81,1119.56,1129.46,1437.56,1492.93,1647.13,1656.91,2142.65,
659.12,871.64,881.55,1120.24,1130.14,1438.44,1493.74,1647.67,1657.45,2143.62,
659.89,872.38,882.29,1120.92,1130.82,1439.32,1494.55,1648.21,1657.99,2144.59,
660.66,873.12,883.03,1121.60,1131.50,1440.20,1495.36,1648.75,1658.53,2145.56,
661.43,873.86,883.77,1122.28,1132.18,1441.08,1496.17,1649.29,1659.07,2146.53,
662.20,874.60,884.51,1122.96,1132.86,1441.96,1496.98,1649.83,1659.61,2147.50,
662.97,875.34,885.25,1123.64,1133.54,1442.84,1497.79,1650.37,1660.15,2148.47,
663.74,876.08,885.99,1124.32,1134.22,1443.72,1498.60,1650.91,1660.69,2149.44,
664.51,876.82,886.73,1125.00,1134.90,1444.60,1499.41,1651.45,1661.23,2150.41,
665.28,877.56,887.47,1125.68,1135.58,1445.48,1500.22,1651.99,1661.77,2151.38,
666.05,878.30,888.21,1126.36,1136.26,1446.36,1501.03,1652.53,1662.31,2152.35,
666.82,879.04,888.95,1127.04,1136.94,1447.24,1501.84,1653.07,1662.85,2153.32,
667.59,879.78,889.69,1127.72,1137.62,1448.12,1502.65,1653.61,1663.39,2154.29,
668.36,880.52,890.43,1128.40,1138.30,1449.00,1503.46,1654.15,1663.93,2155.26,
669.13,881.26,891.17,1129.08,1138.98,1449.88,1504.27,1654.69,1664.47,2156.23,
669.90,882.00,891.91,1129.76,1139.66,1450.76,1505.08,1655.23,1665.01,2157.20,
670.67,882.74,892.65,1130.44,1140.34,1451.64,1505.89,1655.77,1665.55,2158.17,
671.44,883.48,893.39,1131.12,1141.02,1452.52,1506.70,1656.31,1666.09,2159.14,
672.21,884.22,894.13,1131.80,1141.70,1453.40,1507.51,1656.85,1666.63,2160.11,
672.98,884.96,894.87,1132.48,1142.38,1454.28,1508.32,1657.39,1667.17,2161.08,
673.75,885.70,895.61,1133.16,1143.06,1455.16,1509.13,1657.93,1667.71,2162.05,
674.52,886.44,896.35,1133.84,1143.74,1456.04,1509.94,1658.47,1668.25,2163.02,
675.29,887.18,897.09,1134.52,1144.42,1456.92,1510.75,1659.01,1668.79,2163.99,
676.06,887.92,897.83,1135.20,1145.10,1457.80,1511.56,1659.55,1669.33,2164.96,
676.83,888.66,898.57,1135.88,1145.78,1458.68,1512.37,1660.09,1669.87,2165.93,
677.60,889.40,899.31,1136.56,1146.46,1459.56,1513.18,1660.63,1670.41,2166.90,
678.37,890.14,900.05,1137.24,1147.14,1460.44,1513.99,1661.17,1670.95,2167.87,
679.14,890.88,900.79,1137.92,1147.82,1461.32,1514.80,1661.71,1671.49,2168.84,
679.91,891.62,901.53,1138.60,1148.50,1462.20,1515.61,1662.25,1672.03,2169.81,
680.68,892.36,902.27,1139.28,1149.18,1463.08,1516.42,1662.79,1672.57,2170.78,
681.45,893.10,903.01,1139.96,1149.86,1463.96,1517.23,1663.33,1673.11,2171.75,
682.22,893.84,903.75,1140.64,1150.54,1464.84,1518.04,1663.87,1673.65,2172.72,
682.99,894.58,904.49,1141.32,1151.22,1465.72,1518.85,1664.41,1674.19,2173.69,
683.76,895.32,905.23,1142.00,1151.90,1466.60,1519.66,1664.95,1674.73,2174.66,
684.53,896.06,905.97,1142.68,1152.58,1467.48,1520.47,1665.49,1675.27,2175.63,
685.30,896.80,906.71,1143.36,1153.26,1468.36,1521.28,1666.03,1675.81,2176.60,
686.07,897.54,907.45,1144.04,1153.94,1469.24,1522.09,1666.57,1676.35,2177.57,
686.84,898.28,908.19,1144.72,1154.62,1470.12,1522.90,1667.11,1676.89,2178.54,
687.61,899.02,908.93,1145.40,1155.30,1471.00,1523.71,1667.65,1677.43,2179.51,
688.38,899.76,909.67,1146.08,1155.98,1471.88,1524.52,1668.19,1677.97,2180.48,
689.15,900.50,910.41,1146.76,1156.66,1472.76,1525.33,1668.73,1678.51,2181.45,
689.92,901.24,911.15,1147.44,1157.34,1473.64,1526.14,1669.27,1679.05,2182.42,
690.69,901.98,911.89,1148.12,1158.02,1474.52,1526.95,1669.81,1679.59,2183.39,
691.46,902.72,912.63,1148.80,1158.70,1475.40,1527.76,1670.35,1680.13,2184.36,
692.23,903.46,913.37,1149.48,1159.38,1476.28,1528.57,1670.89,1680.67,2185.33,
693.00,904.20,914.11,1150.16,1160.06,1477.16,1529.38,1671.43,1681.21,2186.30,
693.77,904.94,914.85,1150.84,1160.74,1478.04,1530.19,1671.97,1681.75,2187.27,
694.54,905.68,915.59,1151.52,1161.42,1478.92,1531.00,1672.51,1682.29,2188.24,
695.31,906.42,916.33,1152.20,1162.10,1479.80,1531.81,1673.05,1682.83,2189.21,
696.08,907.16,917.07,1152.88,1162.78,1480.68,1532.62,1673.59,1683.37,2190.18,
696.85,907.90,917.81,1153.56,1163.46,1481.56,1533.43,1674.13,1683.91,2191.15,
697.62,908.64,918.55,1154.24,1164.14,1482.44,1534.24,1674.67,1684.45,2192.12,
698.39,909.38,919.29,1154.92,1164.82,1483.32,1535.05,1675.21,1684.99,2193.09,
699.16,910.12,920.03,1155.60,1165.50,1484.20,1535.86,1675.75,1685.53,2194.06,
699.93,910.86,920.77,1156.28,1166.18,1485.08,1536.67,1676.29,1686.07,2195.03,
700.70,911.60,921.51,1156.96,1166.86,1485.96,1537.48,1676.83,1686.61,2196.00,
701.47,912.34,922.25,1157.64,1167.54,1486.84,1538.29,1677.37,1687.15,2196.97,
702.24,913.08,922.99,1158.32,1168.22,1487.72,1539.10,1677.91,1687.69,2197.94,
703.01,913.82,923.73,1159.00,1168.90,1488.60,1539.91,1678.45,1688.23,2198.91,
703.78,914.56,924.47,1159.68,1169.58,1489.48,1540.72,1678.99,1688.77,2199.88,
704.55,915.30,925.21,1160.36,1170.26,1490.36,1541.53,1679.53,1689.31,2200.85,
705.32,916.04,925.95,1161.04,1170.94,1491.24,1542.34,1680.07,1689.85,2201.82,
706.09,916.78,926.69,1161.72,1171.62,1492.12,1543.15,1680.61,1690.39,2202.79,
706.86,917.52,927.43,1162.40,1172.30,1493.00,1543.96,1681.15,1690.93,2203.76,
707.63,918.26,928.17,1163.08,1172.98,1493.88,1544.77,1681.69,1691.47,2204.73,
708.40,919.00,928.91,1163.76,1173.66,1494.76,1545.58,1682.23,1692.01,2205.70,
709.17,919.74,929.65,1164.44,1174.34,1495.64,1546.39,1682.77,1692.55,2206.67,
709.94,920.48,930.39,1165.12,1175.02,1496.52,1547.20,1683.31,1693.09,2207.64,
710.71,921.22,931.13,1165.80,1175.70,1497.40,1548.01,1683.85,1693.63,2208.61,
711.48,921.96,931.87,1166.48,1176.38,1498.28,1548.82,1684.39,1694.17,2209.58,
712.25,922.70,932.61,1167.16,1177.06,1499.16,1549.63,1684.93,1694.71,2210.55,
713.02,923.44,933.35,1167.84,1177.74,1500.04,1550.44,1685.47,1695.25,2211.52,
713.79,924.18,934.09,1168.52,1178.42,1500.92,1551.25,1686.01,1695.79,2212.49,
714.56,924.92,934.83,1169.20,1179.10,1501.80,1552.06,1686.55,1696.33,2213.46,
715.33,925.66,935.57,1169.88,1179.78,1502.68,1552.87,1687.09,1696.87,2214.43,
716.10,926.40,936.31,1170.56,1180.46,1503.56,1553.68,1687.63,1697.41,2215.40,
716.87,927.14,937.05,1171.24,1181.14,1504.44,1554.49,1688.17,1697.95,2216.37,
717.64,927.88,937.79,1171.92,1181.82,1505.32,1555.30,1688.71,1698.49,2217.34,
718.41,928.62,938.53,1172.60,1182.50,1506.20,1556.11,1689.25,1699.03,2218.31,
719.18,929.36,939.27,1173.28,1183.18,1507.08,1556.92,1689.79,1699.57,2219.28,
719.95,930.10,940.01,1173.96,1183.86,1507.96,1557.73,1690.33,1700.11,2220.25,
720.72,930.84,940.75,1174.64,1184.54,1508.84,1558.54,1690.87,1700.65,2221.22,
721.49,931.58,941.49,1175.32,1185.22,1509.72,1559.35,1691.41,1701.19,2222.19,
722.26,932.32,942.23,1176.00,1185.90,1510.60,1560.16,1691.95,1701.73,2223.16,
723.03,933.06,942.97,1176.68,1186.58,1511.48,1560.97,1692.49,1702.27,2224.13,
723.80,933.80,943.71,1177.36,1187.26,1512.36,1561.78,1693.03,1702.81,2225.10,
724.57,934.54,944.45,1178.04,1187.94,1513.24,1562.59,1693.57,1703.35,2226.07,
725.34,935.28,945.19,1178.72,1188.62,1514.12,1563.40,1694.11,1703.89,2227.04,
726.11,936.02,945.93,1179.40,1189.30,1515.00,1564.21,1694.65,1704.43,2228.01,
726.88,936.76,946.67,1180.08,1189.98,1515.88,1565.02,1695.19,1704.97,2228.98,
727.65,937.50,947.41,1180.76,1190.66,1516.76,1565.83,1695.73,1705.51,2229.95,
728.42,938.24,948.15,1181.44,1191.34,1517.64,1566.64,1696.27,1706.05,2230.92,
729.19,938.98,948.89,1182.12,1192.02,1518.52,1567.45,1696.81,1706.59,2231.89,
729.96,939.72,949.63,1182.80,1192.70,1519.40,1568.26,1697.35,1707.13,2232.86,
730.73,940.46,950.37,1183.48,1193.38,1520.28,1569.07,1697.89,1707.67,2233.83,
731.50,941.20,951.11,1184.16,1194.06,1521.16,1569.88,1698.43,1708.21,2234.80,
732.27,941.94,951.85,1184.84,1194.74,1522.04,1570.69,1698.97,1708.75,2235.77,
733.04,942.68,952.59,1185.52,1195.42,1522.92,1571.50,1699.51,1709.29,2236.74,
733.81,943.42,953.33,1186.20,1196.10,1523.80,1572.31,1700.05,1709.83,2237.71,
734.58,944.16,954.07,1186.88,1196.78,1524.68,1573.12,1700.59,1710.37,2238.68,
735.35,944.90,954.81,1187.56,1197.46,1525.56,1573.93,1701.13,1710.91,2239.65,
736.12,945.64,955.55,1188.24,1198.14,1526.44,1574.74,1701.67,1711.45,2240.62,
736.89,946.38,956.29,1188.92,1198.82,1527.32,1575.55,1702.21,1711.99,2241.59,
737.66,947.12,957.03,1189.60,1199.50,1528.20,1576.36,1702.75,1712.53,2242.56,
738.43,947.86,957.77,1190.28,1200.18,1529.08,1577.17,1703.29,1713.07,2243.53,
739.20,948.60,958.51,1190.96,1200.86,1529.96,1577.98,1703.83,1713.61,2244.50,
